Airline,Date_of_Journey,Source,Destination,Route,Dep_Time,Arrival_Time,Duration,Total_Stops,Additional_Info,Price
IndiGo,21/06/2019,Chennai,Kolkata,MAA → CCU,19:35,21:55,2h 20m,non-stop,No info,3597
Air Asia,6/04/2019,Banglore,Delhi,BLR → DEL,23:55,02:45 07 Apr,2h 50m,non-stop,No info,3383
Air India,27/03/2019,Mumbai,Hyderabad,BOM → HYD,13:55,15:25,1h 30m,non-stop,No info,2050
IndiGo,15/06/2019,Banglore,Delhi,BLR → DEL,04:00,06:50,2h 50m,non-stop,No info,4423
SpiceJet,3/05/2019,Chennai,Kolkata,MAA → CCU,17:45,20:05,2h 20m,non-stop,No info,3597
Jet Airways,24/05/2019,Kolkata,Banglore,CCU → BOM → BLR,18:55,09:20 25 May,14h 25m,1 stop,In-flight meal not included,10844
Air India,1/05/2019,Kolkata,Banglore,CCU → GAU → DEL → BLR,09:50,08:55 02 May,23h 5m,2 stops,No info,13227
Air India,27/05/2019,Mumbai,Hyderabad,BOM → HYD,19:30,20:45,1h 15m,non-stop,No info,3100
Multiple carriers,15/06/2019,Delhi,Cochin,DEL → BOM → COK,13:00,01:30 16 Jun,12h 30m,1 stop,No info,7198
SpiceJet,24/04/2019,Delhi,Cochin,DEL → BLR → COK,17:55,22:50,4h 55m,1 stop,No info,4957
IndiGo,3/06/2019,Delhi,Cochin,DEL → BOM → COK,06:40,21:00,14h 20m,1 stop,No info,6093
Air India,3/06/2019,Delhi,Cochin,DEL → BOM → COK,07:00,19:15,12h 15m,1 stop,No info,8879
Jet Airways,6/06/2019,Delhi,Cochin,DEL → IDR → BOM → COK,05:30,19:00,13h 30m,2 stops,No info,13292
Multiple carriers,21/05/2019,Delhi,Cochin,DEL → BOM → COK,06:00,21:00,15h,1 stop,No info,7485
Jet Airways,06/03/2019,Banglore,New Delhi,BLR → BOM → DEL,11:40,09:00 07 Mar,21h 20m,1 stop,No info,17261
IndiGo,24/03/2019,Kolkata,Banglore,CCU → BLR,14:20,16:55,2h 35m,non-stop,No info,5618
Jet Airways,12/05/2019,Kolkata,Banglore,CCU → GAU → BLR,10:20,17:35,7h 15m,1 stop,No info,9358
Air India,15/05/2019,Kolkata,Banglore,CCU → IXR → DEL → BLR,05:50,16:15 16 May,34h 25m,2 stops,No info,12723
Jet Airways,3/06/2019,Delhi,Cochin,DEL → BOM → COK,20:55,19:00 04 Jun,22h 5m,1 stop,No info,14714
IndiGo,1/06/2019,Chennai,Kolkata,MAA → CCU,19:35,21:55,2h 20m,non-stop,No info,3597
IndiGo,3/03/2019,Delhi,Cochin,DEL → BOM → COK,07:30,13:20,5h 50m,1 stop,No info,13628
Air India,9/05/2019,Delhi,Cochin,DEL → TRV → COK,05:15,06:50 10 May,25h 35m,1 stop,No info,6587
Jet Airways,24/03/2019,Kolkata,Banglore,CCU → BOM → BLR,19:45,09:15 25 Mar,13h 30m,1 stop,In-flight meal not included,11134
IndiGo,6/06/2019,Delhi,Cochin,DEL → BOM → COK,11:25,21:00,9h 35m,1 stop,No info,6093
Jet Airways,24/05/2019,Kolkata,Banglore,CCU → BOM → BLR,20:00,09:20 25 May,13h 20m,1 stop,No info,14571
Jet Airways,15/06/2019,Delhi,Cochin,DEL → LKO → BOM → COK,09:25,12:35 16 Jun,27h 10m,2 stops,No info,13882
Jet Airways,24/03/2019,Kolkata,Banglore,CCU → BOM → BLR,18:55,16:20 25 Mar,21h 25m,1 stop,No info,14231
Jet Airways,6/05/2019,Kolkata,Banglore,CCU → DEL → BLR,09:35,19:10,9h 35m,1 stop,No info,13067
Jet Airways,6/06/2019,Delhi,Cochin,DEL → BOM → COK,19:15,04:25 07 Jun,9h 10m,1 stop,No info,14714
IndiGo,18/05/2019,Delhi,Cochin,DEL → COK,05:35,08:50,3h 15m,non-stop,No info,6015
IndiGo,24/06/2019,Banglore,Delhi,BLR → DEL,07:10,10:05,2h 55m,non-stop,No info,4823
Vistara,24/03/2019,Kolkata,Banglore,CCU → DEL → BLR,17:00,22:10 25 Mar,29h 10m,1 stop,No info,12102
Jet Airways,18/05/2019,Banglore,Delhi,BLR → DEL,06:00,08:45,2h 45m,non-stop,No info,7229
Jet Airways,6/05/2019,Kolkata,Banglore,CCU → BOM → BLR,21:10,12:00 07 May,14h 50m,1 stop,In-flight meal not included,9663
Jet Airways,9/06/2019,Delhi,Cochin,DEL → BOM → COK,11:30,19:00,7h 30m,1 stop,In-flight meal not included,10262
Jet Airways,27/03/2019,Delhi,Cochin,DEL → AMD → BOM → COK,19:10,04:25 29 Mar,33h 15m,2 stops,No info,10929
Air India,15/04/2019,Delhi,Cochin,DEL → COK,05:10,08:00,2h 50m,non-stop,No info,6094
IndiGo,1/05/2019,Banglore,Delhi,BLR → DEL,08:30,11:20,2h 50m,non-stop,No info,4823
IndiGo,24/06/2019,Banglore,Delhi,BLR → DEL,08:30,11:20,2h 50m,non-stop,No info,4823
Air Asia,6/06/2019,Banglore,Delhi,BLR → DEL,23:55,02:45 07 Jun,2h 50m,non-stop,No info,7120
IndiGo,24/04/2019,Delhi,Cochin,DEL → HYD → COK,05:05,16:10,11h 5m,1 stop,No info,6171
IndiGo,3/03/2019,Kolkata,Banglore,CCU → BLR,20:25,23:05,2h 40m,non-stop,No info,6038
Air India,12/06/2019,Delhi,Cochin,DEL → BOM → COK,09:00,19:15,10h 15m,1 stop,No info,8372
Multiple carriers,27/03/2019,Delhi,Cochin,DEL → BOM → COK,02:15,13:20,11h 5m,1 stop,No info,12327
Air India,9/03/2019,Kolkata,Banglore,CCU → BLR,14:15,16:45,2h 30m,non-stop,No info,4960
Jet Airways,12/03/2019,Banglore,New Delhi,BLR → BOM → DEL,05:45,23:00,17h 15m,1 stop,No info,13817
Multiple carriers,18/05/2019,Delhi,Cochin,DEL → IDR → BOM → COK,15:05,01:30 19 May,10h 25m,2 stops,No info,16840
Multiple carriers,27/03/2019,Delhi,Cochin,DEL → HYD → COK,09:45,22:20,12h 35m,1 stop,No info,6601
Multiple carriers,21/05/2019,Delhi,Cochin,DEL → BOM → COK,11:40,21:00,9h 20m,1 stop,No info,7485
GoAir,12/05/2019,Banglore,Delhi,BLR → DEL,07:45,10:40,2h 55m,non-stop,No info,3898
IndiGo,9/05/2019,Kolkata,Banglore,CCU → MAA → BLR,06:20,10:20,4h,1 stop,No info,4226
Jet Airways,27/03/2019,Delhi,Cochin,DEL → MAA → BOM → COK,05:10,04:25 28 Mar,23h 15m,2 stops,In-flight meal not included,9412
Jet Airways,12/05/2019,Banglore,Delhi,BLR → DEL,15:15,18:10,2h 55m,non-stop,No info,7229
Multiple carriers,27/06/2019,Delhi,Cochin,DEL → BOM → COK,13:00,21:00,8h,1 stop,No info,7408
Jet Airways,12/06/2019,Delhi,Cochin,DEL → JAI → BOM → COK,05:30,19:00,13h 30m,2 stops,In-flight meal not included,10368
Jet Airways,18/06/2019,Banglore,Delhi,BLR → DEL,08:20,11:20,3h,non-stop,In-flight meal not included,5769
Air India,24/03/2019,Kolkata,Banglore,CCU → DEL → BLR,20:30,08:55 25 Mar,12h 25m,1 stop,No info,12173
Jet Airways,9/05/2019,Delhi,Cochin,DEL → JAI → BOM → COK,09:40,19:00,9h 20m,2 stops,In-flight meal not included,13029
Air India,12/06/2019,Delhi,Cochin,DEL → GOI → BOM → COK,10:55,19:15,8h 20m,2 stops,No info,11753
Vistara,24/03/2019,Kolkata,Banglore,CCU → DEL → BLR,17:00,10:50 25 Mar,17h 50m,1 stop,No info,12890
Jet Airways,24/04/2019,Banglore,Delhi,BLR → DEL,08:20,11:20,3h,non-stop,In-flight meal not included,4544
GoAir,18/04/2019,Banglore,Delhi,BLR → DEL,20:55,23:40,2h 45m,non-stop,No info,5048
Jet Airways,12/03/2019,Banglore,New Delhi,BLR → BOM → DEL,21:25,10:25 13 Mar,13h,1 stop,No info,13817
Jet Airways,27/05/2019,Delhi,Cochin,DEL → BOM → COK,17:30,19:00 28 May,25h 30m,1 stop,No info,16079
SpiceJet,27/05/2019,Kolkata,Banglore,CCU → BLR,22:20,00:40 28 May,2h 20m,non-stop,No info,3873
Air India,18/05/2019,Kolkata,Banglore,CCU → BOM → GOI → BLR,16:50,05:35 19 May,12h 45m,2 stops,No info,11642
Air India,12/05/2019,Kolkata,Banglore,CCU → BBI → BLR,09:10,13:15,4h 5m,1 stop,No info,8996
Air India,1/06/2019,Delhi,Cochin,DEL → BLR → COK,09:45,23:00,13h 15m,1 stop,No info,8907
Jet Airways,6/06/2019,Banglore,Delhi,BLR → DEL,18:55,22:00,3h 5m,non-stop,No info,8016
IndiGo,6/06/2019,Delhi,Cochin,DEL → HYD → COK,07:35,16:10,8h 35m,1 stop,No info,6674
Jet Airways,9/05/2019,Delhi,Cochin,DEL → JAI → BOM → COK,05:30,19:00,13h 30m,2 stops,No info,15129
Air India,18/03/2019,Banglore,New Delhi,BLR → DEL,17:00,19:45,2h 45m,non-stop,No info,4441
Jet Airways,6/06/2019,Delhi,Cochin,DEL → BOM → COK,07:05,04:25 07 Jun,21h 20m,1 stop,In-flight meal not included,10262
Multiple carriers,3/06/2019,Delhi,Cochin,DEL → BOM → COK,08:45,21:00,12h 15m,1 stop,No info,7740
Jet Airways,9/03/2019,Mumbai,Hyderabad,BOM → HYD,19:40,21:10,1h 30m,non-stop,No info,5678
Jet Airways,15/06/2019,Delhi,Cochin,DEL → IDR → BOM → COK,09:35,04:25 16 Jun,18h 50m,2 stops,No info,13292
Air India,9/05/2019,Delhi,Cochin,DEL → HYD → BOM → COK,07:05,07:40 10 May,24h 35m,2 stops,No info,13547
Jet Airways,15/05/2019,Kolkata,Banglore,CCU → BOM → BLR,18:55,10:05 16 May,15h 10m,1 stop,No info,14388
Jet Airways,18/05/2019,Delhi,Cochin,DEL → BOM → COK,07:05,12:35,5h 30m,1 stop,In-flight meal not included,12373
Air India,21/04/2019,Delhi,Cochin,DEL → COK,05:10,08:00,2h 50m,non-stop,No info,6094
Jet Airways,21/05/2019,Delhi,Cochin,DEL → AMD → BOM → COK,23:05,04:25 23 May,29h 20m,2 stops,No info,15129
Jet Airways,1/06/2019,Delhi,Cochin,DEL → BOM → COK,19:45,19:00 02 Jun,23h 15m,1 stop,No info,14714
Jet Airways,18/03/2019,Mumbai,Hyderabad,BOM → HYD,02:55,04:25,1h 30m,non-stop,No info,5678
Air India,1/06/2019,Delhi,Cochin,DEL → BOM → COK,17:00,19:15 02 Jun,26h 15m,1 stop,No info,8792
IndiGo,18/05/2019,Delhi,Cochin,DEL → BOM → COK,16:00,01:30 19 May,9h 30m,1 stop,No info,7191
Jet Airways,6/03/2019,Delhi,Cochin,DEL → AMD → BOM → COK,19:10,04:25 08 Mar,33h 15m,2 stops,In-flight meal not included,16022
Jet Airways,1/06/2019,Delhi,Cochin,DEL → NAG → BOM → COK,14:35,12:35 02 Jun,22h,2 stops,No info,13376
Jet Airways,9/05/2019,Banglore,Delhi,BLR → DEL,11:10,14:05,2h 55m,non-stop,No info,7229
Air India,12/05/2019,Kolkata,Banglore,CCU → BOM → GOI → BLR,09:25,05:35 13 May,20h 10m,2 stops,No info,11642
Multiple carriers,3/03/2019,Delhi,Cochin,DEL → HYD → COK,07:05,22:20,15h 15m,1 stop,No info,10478
IndiGo,15/06/2019,Delhi,Cochin,DEL → BOM → COK,16:00,21:00,5h,1 stop,No info,6069
Air India,15/03/2019,Banglore,New Delhi,BLR → HYD → DEL,08:15,08:50 16 Mar,24h 35m,1 stop,No info,5521
Jet Airways,06/03/2019,Banglore,New Delhi,BLR → BOM → DEL,11:40,09:30 07 Mar,21h 50m,1 stop,No info,17261
IndiGo,1/06/2019,Delhi,Cochin,DEL → BLR → COK,17:05,22:25,5h 20m,1 stop,No info,7060
Multiple carriers,15/06/2019,Delhi,Cochin,DEL → HYD → COK,14:55,22:30,7h 35m,1 stop,In-flight meal not included,6093
Jet Airways,6/05/2019,Kolkata,Banglore,CCU → BOM → BLR,06:30,18:15,11h 45m,1 stop,In-flight meal not included,10844
Jet Airways,9/05/2019,Kolkata,Banglore,CCU → BOM → BLR,06:30,10:05 10 May,27h 35m,1 stop,In-flight meal not included,8586
IndiGo,21/06/2019,Banglore,Delhi,BLR → DEL,20:00,22:50,2h 50m,non-stop,No info,4823
Air India,12/03/2019,Mumbai,Hyderabad,BOM → GOI → PNQ → HYD,05:05,16:55,11h 50m,2 stops,No info,16172
Jet Airways,06/03/2019,Banglore,New Delhi,BLR → BOM → DEL,05:45,18:25,12h 40m,1 stop,No info,16736
Air India,6/04/2019,Banglore,Delhi,BLR → DEL,13:20,16:10,2h 50m,non-stop,No info,5176
Multiple carriers,3/06/2019,Delhi,Cochin,DEL → BOM → COK,12:50,19:15,6h 25m,1 stop,No info,9001
Jet Airways,9/05/2019,Delhi,Cochin,DEL → BOM → COK,20:55,19:00 10 May,22h 5m,1 stop,In-flight meal not included,12373
Multiple carriers,3/06/2019,Delhi,Cochin,DEL → BOM → COK,06:40,19:00,12h 20m,1 stop,No info,10877
SpiceJet,1/04/2019,Banglore,Delhi,BLR → DEL,09:30,12:20,2h 50m,non-stop,No info,3971
IndiGo,21/04/2019,Kolkata,Banglore,CCU → BLR,09:35,12:20,2h 45m,non-stop,No info,4804
Multiple carriers,15/05/2019,Delhi,Cochin,DEL → BOM → COK,08:30,19:00,10h 30m,1 stop,No info,9627
Jet Airways,9/05/2019,Delhi,Cochin,DEL → BOM → COK,02:15,12:35,10h 20m,1 stop,In-flight meal not included,12373
Jet Airways,21/05/2019,Delhi,Cochin,DEL → JAI → BOM → COK,05:30,04:25 22 May,22h 55m,2 stops,No info,15129
Multiple carriers,12/06/2019,Delhi,Cochin,DEL → BOM → COK,18:00,01:30 13 Jun,7h 30m,1 stop,No info,7198
Jet Airways,3/06/2019,Mumbai,Hyderabad,BOM → HYD,07:05,08:30,1h 25m,non-stop,In-flight meal not included,4995
Jet Airways,6/05/2019,Mumbai,Hyderabad,BOM → HYD,07:05,08:30,1h 25m,non-stop,No info,8040
SpiceJet,27/04/2019,Kolkata,Banglore,CCU → BLR,17:10,19:40,2h 30m,non-stop,No info,4174
Multiple carriers,6/06/2019,Delhi,Cochin,DEL → BOM → COK,09:00,19:00,10h,1 stop,No info,12192
Jet Airways,3/05/2019,Banglore,Delhi,BLR → DEL,15:15,18:10,2h 55m,non-stop,In-flight meal not included,4544
SpiceJet,24/03/2019,Chennai,Kolkata,MAA → CCU,08:20,10:35,2h 15m,non-stop,No check-in baggage included,3807
Jet Airways,27/05/2019,Delhi,Cochin,DEL → BOM → COK,07:05,12:35,5h 30m,1 stop,In-flight meal not included,12898
IndiGo,21/05/2019,Delhi,Cochin,DEL → HYD → COK,11:55,18:10,6h 15m,1 stop,No info,6442
Multiple carriers,27/03/2019,Delhi,Cochin,DEL → BOM → COK,04:00,18:50,14h 50m,1 stop,No info,11299
Vistara,6/06/2019,Kolkata,Banglore,CCU → DEL → BLR,20:20,22:40 07 Jun,26h 20m,1 stop,No info,8662
Multiple carriers,3/03/2019,Delhi,Cochin,DEL → HYD → MAA → COK,13:05,21:20,8h 15m,2 stops,No info,11966
Multiple carriers,9/05/2019,Delhi,Cochin,DEL → BOM → COK,09:00,19:00,10h,1 stop,No info,10197
IndiGo,3/04/2019,Kolkata,Banglore,CCU → BLR,17:15,19:50,2h 35m,non-stop,No info,4174
Multiple carriers,27/05/2019,Delhi,Cochin,DEL → BOM → COK,09:00,19:00,10h,1 stop,No info,10407
Jet Airways,18/05/2019,Delhi,Cochin,DEL → BOM → COK,22:50,04:25 19 May,5h 35m,1 stop,In-flight meal not included,12373
Air India,6/06/2019,Delhi,Cochin,DEL → MAA → COK,20:40,09:25 07 Jun,12h 45m,1 stop,No info,7952
Jet Airways,27/03/2019,Delhi,Cochin,DEL → BOM → COK,17:30,04:25 28 Mar,10h 55m,1 stop,In-flight meal not included,6540
Jet Airways,9/06/2019,Delhi,Cochin,DEL → BOM → COK,15:00,12:35 10 Jun,21h 35m,1 stop,In-flight meal not included,10262
Jet Airways,27/06/2019,Delhi,Cochin,DEL → BOM → COK,14:00,19:00,5h,1 stop,No info,14714
Vistara,24/05/2019,Banglore,Delhi,BLR → DEL,11:30,14:20,2h 50m,non-stop,No info,4668
Air India,9/06/2019,Kolkata,Banglore,CCU → BOM → COK → BLR,09:25,13:45 10 Jun,28h 20m,2 stops,No info,11752
Jet Airways,27/03/2019,Delhi,Cochin,DEL → BOM → COK,21:50,04:25 28 Mar,6h 35m,1 stop,In-flight meal not included,6017
Multiple carriers,6/03/2019,Delhi,Cochin,DEL → BOM → COK,06:00,19:15,13h 15m,1 stop,No info,15353
Air India,6/06/2019,Delhi,Cochin,DEL → RPR → NAG → BOM → COK,05:15,19:15 07 Jun,38h,3 stops,No info,10703
Jet Airways,18/05/2019,Banglore,Delhi,BLR → DEL,11:10,14:05,2h 55m,non-stop,In-flight meal not included,5198
Multiple carriers,1/06/2019,Delhi,Cochin,DEL → BOM → COK,09:00,21:00,12h,1 stop,No info,13587
IndiGo,6/05/2019,Banglore,Delhi,BLR → DEL,21:15,00:15 07 May,3h,non-stop,No info,3943
Air Asia,6/06/2019,Banglore,Delhi,BLR → DEL,04:55,07:45,2h 50m,non-stop,No info,4282
IndiGo,6/06/2019,Banglore,Delhi,BLR → DEL,01:30,04:15,2h 45m,non-stop,No info,3943
IndiGo,24/06/2019,Delhi,Cochin,DEL → PNQ → COK,23:30,04:35 25 Jun,5h 5m,1 stop,No info,9165
Jet Airways,9/06/2019,Delhi,Cochin,DEL → JAI → BOM → COK,05:30,04:25 10 Jun,22h 55m,2 stops,In-flight meal not included,10368
Multiple carriers,9/05/2019,Delhi,Cochin,DEL → BOM → COK,10:20,21:00,10h 40m,1 stop,No info,7670
Jet Airways,6/05/2019,Kolkata,Banglore,CCU → DEL → BLR,17:00,21:05 07 May,28h 5m,1 stop,No info,13067
GoAir,3/03/2019,Delhi,Cochin,DEL → HYD → COK,05:45,13:20,7h 35m,1 stop,No info,5628
IndiGo,6/05/2019,Delhi,Cochin,DEL → HYD → COK,14:20,22:30,8h 10m,1 stop,No info,7054
Jet Airways,27/03/2019,Delhi,Cochin,DEL → IXC → BOM → COK,06:20,18:50,12h 30m,2 stops,No info,11538
Jet Airways,12/05/2019,Kolkata,Banglore,CCU → DEL → BLR,09:35,19:10,9h 35m,1 stop,No info,14151
IndiGo,18/05/2019,Chennai,Kolkata,MAA → CCU,07:55,10:15,2h 20m,non-stop,No info,3850
Jet Airways,21/03/2019,Delhi,Cochin,DEL → AMD → BOM → COK,19:10,18:50 22 Mar,23h 40m,2 stops,No info,10929
Jet Airways,1/06/2019,Delhi,Cochin,DEL → BOM → COK,10:00,19:00,9h,1 stop,No info,14714
Jet Airways,9/06/2019,Delhi,Cochin,DEL → JAI → BOM → COK,09:40,04:25 10 Jun,18h 45m,2 stops,In-flight meal not included,10368
Air India,12/06/2019,Kolkata,Banglore,CCU → IXR → BBI → BLR,05:50,13:15,7h 25m,2 stops,No info,7662
IndiGo,9/06/2019,Kolkata,Banglore,CCU → MAA → BLR,17:35,22:15,4h 40m,1 stop,No info,5699
Jet Airways,27/05/2019,Delhi,Cochin,DEL → BOM → COK,17:30,04:25 28 May,10h 55m,1 stop,In-flight meal not included,12898
Jet Airways,18/05/2019,Kolkata,Banglore,CCU → BOM → BLR,20:00,09:20 19 May,13h 20m,1 stop,In-flight meal not included,10844
Air India,24/05/2019,Kolkata,Banglore,CCU → BOM → BLR,16:50,07:55 25 May,15h 5m,1 stop,No info,8576
Air India,21/06/2019,Mumbai,Hyderabad,BOM → HYD,06:20,07:40,1h 20m,non-stop,No info,3100
Air Asia,24/03/2019,Kolkata,Banglore,CCU → DEL → BLR,07:35,22:55,15h 20m,1 stop,No info,6785
Jet Airways,12/06/2019,Delhi,Cochin,DEL → BOM → COK,07:05,12:35,5h 30m,1 stop,No info,16289
Multiple carriers,27/03/2019,Delhi,Cochin,DEL → BOM → COK,07:00,15:30,8h 30m,1 stop,No info,6148
Air India,6/06/2019,Kolkata,Banglore,CCU → IXR → DEL → BLR,05:50,12:30 07 Jun,30h 40m,2 stops,No info,12723
Air India,18/06/2019,Banglore,Delhi,BLR → DEL,05:45,08:45,3h,non-stop,No info,6961
Vistara,1/06/2019,Banglore,Delhi,BLR → DEL,07:00,09:40,2h 40m,non-stop,No info,4878
Jet Airways,24/05/2019,Kolkata,Banglore,CCU → BOM → BLR,14:05,23:35,9h 30m,1 stop,In-flight meal not included,10844
Multiple carriers,6/03/2019,Delhi,Cochin,DEL → BOM → COK,07:30,18:50,11h 20m,1 stop,No info,15411
Jet Airways,27/06/2019,Delhi,Cochin,DEL → IDR → BOM → COK,09:35,12:35 28 Jun,27h,2 stops,No info,13292
Air India,12/06/2019,Delhi,Cochin,DEL → AMD → BOM → COK,16:40,19:15 13 Jun,26h 35m,2 stops,No info,9443
Jet Airways,9/06/2019,Kolkata,Banglore,CCU → DEL → BLR,20:25,21:05 10 Jun,24h 40m,1 stop,In-flight meal not included,10539
Multiple carriers,6/03/2019,Delhi,Cochin,DEL → BOM → COK,09:00,15:30,6h 30m,1 stop,In-flight meal not included,15136
SpiceJet,3/04/2019,Kolkata,Banglore,CCU → BLR,06:55,09:30,2h 35m,non-stop,No info,3873
Jet Airways,1/05/2019,Banglore,Delhi,BLR → DEL,08:20,11:20,3h,non-stop,No info,7229
Air India,09/03/2019,Banglore,New Delhi,BLR → CCU → DEL,11:05,09:15 13 Mar,22h 10m,1 stop,No info,11077
Air India,9/06/2019,Delhi,Cochin,DEL → BOM → COK,21:00,07:40 10 Jun,10h 40m,1 stop,No info,8372
Vistara,12/05/2019,Delhi,Cochin,DEL → COK,06:00,09:10,3h 10m,non-stop,No info,6216
Jet Airways,18/05/2019,Delhi,Cochin,DEL → BOM → COK,13:00,19:00,6h,1 stop,In-flight meal not included,12373
Jet Airways,21/06/2019,Mumbai,Hyderabad,BOM → HYD,10:20,11:50,1h 30m,non-stop,In-flight meal not included,4995
Air India,9/06/2019,Kolkata,Banglore,CCU → DEL → BLR,07:00,20:25,13h 25m,1 stop,No info,10413
Jet Airways,24/03/2019,Kolkata,Banglore,CCU → BOM → BLR,21:10,04:45 25 Mar,7h 35m,1 stop,No info,13759
IndiGo,6/03/2019,Delhi,Cochin,DEL → BOM → COK,04:45,15:30,10h 45m,1 stop,No info,13611
IndiGo,27/06/2019,Banglore,Delhi,BLR → DEL,21:15,00:15 28 Jun,3h,non-stop,No info,3943
SpiceJet,12/06/2019,Kolkata,Banglore,CCU → MAA → BLR,15:05,20:20,5h 15m,1 stop,No info,4649
SpiceJet,27/06/2019,Kolkata,Banglore,CCU → BLR,06:55,09:30,2h 35m,non-stop,No check-in baggage included,3841
Air India,15/03/2019,Banglore,New Delhi,BLR → GAU → DEL,13:50,22:10,8h 20m,1 stop,No info,9166
IndiGo,15/03/2019,Kolkata,Banglore,CCU → BLR,09:35,12:20,2h 45m,non-stop,No info,4148
Air India,9/06/2019,Delhi,Cochin,DEL → AMD → BOM → COK,05:00,19:15 10 Jun,38h 15m,2 stops,No info,9968
IndiGo,18/05/2019,Kolkata,Banglore,CCU → MAA → BLR,17:35,22:15,4h 40m,1 stop,No info,5699
GoAir,24/03/2019,Kolkata,Banglore,CCU → BOM → BLR,22:25,07:40 25 Mar,9h 15m,1 stop,No info,10091
IndiGo,24/05/2019,Banglore,Delhi,BLR → DEL,08:30,11:20,2h 50m,non-stop,No info,4823
IndiGo,27/03/2019,Delhi,Cochin,DEL → COK,05:35,08:50,3h 15m,non-stop,No info,4729
Multiple carriers,15/05/2019,Delhi,Cochin,DEL → BOM → COK,10:00,19:15,9h 15m,1 stop,No info,14323
Jet Airways,06/03/2019,Banglore,New Delhi,BLR → BOM → DEL,07:00,12:25,5h 25m,1 stop,No info,22270
Air India,03/03/2019,Banglore,New Delhi,BLR → BOM → NAG → DEL,06:45,10:35 07 Mar,27h 50m,2 stops,No info,12358
IndiGo,18/05/2019,Delhi,Cochin,DEL → HYD → COK,06:50,12:10,5h 20m,1 stop,No info,6347
Air Asia,27/04/2019,Kolkata,Banglore,CCU → BLR,22:50,01:20 28 Apr,2h 30m,non-stop,No info,4409
IndiGo,27/06/2019,Mumbai,Hyderabad,BOM → HYD,20:05,21:40,1h 35m,non-stop,No info,2227
Multiple carriers,6/03/2019,Delhi,Cochin,DEL → BOM → COK,08:00,15:30,7h 30m,1 stop,No info,17267
Jet Airways,18/05/2019,Delhi,Cochin,DEL → JAI → BOM → COK,05:30,04:25 19 May,22h 55m,2 stops,In-flight meal not included,13029
Jet Airways,18/05/2019,Delhi,Cochin,DEL → JAI → BOM → COK,09:40,04:25 19 May,18h 45m,2 stops,In-flight meal not included,13029
Jet Airways,9/06/2019,Delhi,Cochin,DEL → BOM → COK,10:00,04:25 10 Jun,18h 25m,1 stop,In-flight meal not included,10262
Multiple carriers,6/03/2019,Delhi,Cochin,DEL → BOM → COK,04:45,18:50,14h 5m,1 stop,No info,13875
Jet Airways,12/05/2019,Kolkata,Banglore,CCU → BOM → BLR,20:00,08:15 13 May,12h 15m,1 stop,No info,13941
Air Asia,9/05/2019,Delhi,Cochin,DEL → BLR → COK,16:45,22:25,5h 40m,1 stop,No info,6752
Vistara,27/06/2019,Chennai,Kolkata,MAA → CCU,07:05,09:20,2h 15m,non-stop,No info,3687
Air India,9/06/2019,Delhi,Cochin,DEL → BOM → COK,20:00,19:15 10 Jun,23h 15m,1 stop,No info,8372
IndiGo,18/04/2019,Banglore,Delhi,BLR → DEL,21:15,00:15 19 Apr,3h,non-stop,No info,4591
IndiGo,9/03/2019,Delhi,Cochin,DEL → BOM → COK,20:30,01:35 10 Mar,5h 5m,1 stop,No info,6937
Jet Airways,18/03/2019,Banglore,New Delhi,BLR → BOM → DEL,11:40,09:30 16 Mar,21h 50m,1 stop,In-flight meal not included,11087
Jet Airways,15/05/2019,Kolkata,Banglore,CCU → BOM → BLR,18:55,08:15 16 May,13h 20m,1 stop,No info,14388
Air Asia,3/04/2019,Kolkata,Banglore,CCU → BLR,10:20,12:55,2h 35m,non-stop,No info,4107
IndiGo,24/06/2019,Banglore,Delhi,BLR → DEL,06:05,08:50,2h 45m,non-stop,No info,3943
Multiple carriers,6/06/2019,Delhi,Cochin,DEL → BOM → COK,07:05,19:15,12h 10m,1 stop,No info,14848
GoAir,3/04/2019,Banglore,Delhi,BLR → DEL,07:45,10:40,2h 55m,non-stop,No info,4239
Air India,1/04/2019,Kolkata,Banglore,CCU → DEL → BLR,20:30,23:15 02 Apr,26h 45m,1 stop,No info,7211
IndiGo,9/03/2019,Delhi,Cochin,DEL → HYD → MAA → COK,06:40,21:20,14h 40m,2 stops,No info,8146
IndiGo,9/03/2019,Chennai,Kolkata,MAA → CCU,19:35,21:55,2h 20m,non-stop,No info,6297
GoAir,6/06/2019,Delhi,Cochin,DEL → BOM → COK,14:25,19:35,5h 10m,1 stop,No info,7870
Air India,06/03/2019,Banglore,New Delhi,BLR → HYD → VGA → DEL,08:15,22:55,14h 40m,2 stops,No info,13942
Jet Airways,12/03/2019,Banglore,New Delhi,BLR → BDQ → DEL,05:50,12:20,6h 30m,1 stop,No info,11297
Vistara,21/06/2019,Chennai,Kolkata,MAA → CCU,07:05,09:20,2h 15m,non-stop,No info,3687
IndiGo,27/06/2019,Chennai,Kolkata,MAA → CCU,14:45,17:05,2h 20m,non-stop,No info,3597
Air India,21/05/2019,Kolkata,Banglore,CCU → BBI → BOM → BLR,12:00,21:50,9h 50m,2 stops,No info,10151
Jet Airways,18/05/2019,Delhi,Cochin,DEL → BOM → COK,20:55,12:35 19 May,15h 40m,1 stop,In-flight meal not included,12373
Air India,01/03/2019,Banglore,New Delhi,BLR → CCU → GAU → DEL,05:50,22:10,16h 20m,2 stops,Change airports,13366
Jet Airways,18/03/2019,Banglore,New Delhi,BLR → BOM → DEL,08:55,19:10,10h 15m,1 stop,No info,13555
Jet Airways,9/06/2019,Delhi,Cochin,DEL → IDR → BOM → COK,21:25,19:00 10 Jun,21h 35m,2 stops,No info,13292
Multiple carriers,6/03/2019,Delhi,Cochin,DEL → HYD → MAA → COK,13:05,21:20,8h 15m,2 stops,No info,10759
Jet Airways,24/06/2019,Delhi,Cochin,DEL → LKO → BOM → COK,11:45,04:25 25 Jun,16h 40m,2 stops,No info,13357
Multiple carriers,15/06/2019,Delhi,Cochin,DEL → BOM → COK,06:00,19:15,13h 15m,1 stop,No info,9526
Multiple carriers,6/03/2019,Delhi,Cochin,DEL → BOM → COK,13:55,21:00,7h 5m,1 stop,In-flight meal not included,15136
IndiGo,15/03/2019,Chennai,Kolkata,MAA → CCU,07:55,10:15,2h 20m,non-stop,No info,6297
IndiGo,9/03/2019,Delhi,Cochin,DEL → HYD → COK,07:35,16:10,8h 35m,1 stop,No info,6674
IndiGo,09/03/2019,Banglore,New Delhi,BLR → HYD → DEL,12:05,17:05,5h,1 stop,No info,4588
IndiGo,27/06/2019,Chennai,Kolkata,MAA → CCU,13:15,15:35,2h 20m,non-stop,No info,3597
Jet Airways,9/05/2019,Kolkata,Banglore,CCU → DEL → BLR,17:00,10:55 10 May,17h 55m,1 stop,In-flight meal not included,8066
Vistara,15/05/2019,Kolkata,Banglore,CCU → DEL → BLR,17:00,20:20 16 May,27h 20m,1 stop,No info,8610
Multiple carriers,9/05/2019,Delhi,Cochin,DEL → BOM → COK,06:00,21:00,15h,1 stop,No info,7670
Jet Airways,12/06/2019,Delhi,Cochin,DEL → NAG → BOM → COK,14:35,04:25 13 Jun,13h 50m,2 stops,In-flight meal not included,10919
Vistara,24/04/2019,Delhi,Cochin,DEL → COK,14:40,17:50,3h 10m,non-stop,No info,6216
Jet Airways,9/06/2019,Delhi,Cochin,DEL → BOM → COK,22:50,19:00 10 Jun,20h 10m,1 stop,In-flight meal not included,10262
IndiGo,15/06/2019,Delhi,Cochin,DEL → LKO → COK,21:50,03:35 16 Jun,5h 45m,1 stop,No info,6195
Jet Airways,27/05/2019,Delhi,Cochin,DEL → BOM → COK,16:00,12:35 28 May,20h 35m,1 stop,In-flight meal not included,12898
Jet Airways,18/03/2019,Banglore,New Delhi,BLR → BOM → DEL,05:45,18:25,12h 40m,1 stop,No info,12284
Multiple carriers,15/05/2019,Delhi,Cochin,DEL → BOM → COK,14:00,21:00,7h,1 stop,No info,13727
Jet Airways,1/04/2019,Kolkata,Banglore,CCU → BOM → BLR,18:55,23:35 02 Apr,28h 40m,1 stop,No info,12681
IndiGo,18/05/2019,Kolkata,Banglore,CCU → BBI → BLR,19:35,23:15,3h 40m,1 stop,No info,4226
Jet Airways,9/05/2019,Kolkata,Banglore,CCU → DEL → BLR,20:25,18:00 10 May,21h 35m,1 stop,In-flight meal not included,9314
Jet Airways,1/05/2019,Kolkata,Banglore,CCU → BOM → BLR,14:05,19:50,5h 45m,1 stop,No info,14781
SpiceJet,24/03/2019,Banglore,New Delhi,BLR → DEL,20:30,23:20,2h 50m,non-stop,No check-in baggage included,3873
Jet Airways,6/06/2019,Delhi,Cochin,DEL → BOM → COK,07:05,12:35,5h 30m,1 stop,In-flight meal not included,10262
Jet Airways,1/04/2019,Kolkata,Banglore,CCU → BOM → BLR,06:30,09:20 02 Apr,26h 50m,1 stop,In-flight meal not included,7064
IndiGo,12/05/2019,Mumbai,Hyderabad,BOM → HYD,02:35,04:05,1h 30m,non-stop,No info,3175
Multiple carriers,3/06/2019,Delhi,Cochin,DEL → BOM → COK,18:15,01:30 04 Jun,7h 15m,1 stop,No info,13377
Multiple carriers,3/06/2019,Delhi,Cochin,DEL → BOM → COK,03:50,19:00,15h 10m,1 stop,No info,12192
Jet Airways,9/03/2019,Delhi,Cochin,DEL → BOM → COK,00:20,04:25 10 Mar,28h 5m,1 stop,No info,15029
IndiGo,24/04/2019,Delhi,Cochin,DEL → MAA → COK,02:00,07:25,5h 25m,1 stop,No info,5636
Vistara,27/05/2019,Chennai,Kolkata,MAA → CCU,07:05,09:20,2h 15m,non-stop,No info,3687
IndiGo,3/03/2019,Delhi,Cochin,DEL → COK,21:05,00:20 04 Mar,3h 15m,non-stop,No info,7673
IndiGo,03/03/2019,Banglore,New Delhi,BLR → DEL,18:25,21:20,2h 55m,non-stop,No info,7648
Jet Airways,12/05/2019,Kolkata,Banglore,CCU → DEL → BLR,09:35,09:45 13 May,24h 10m,1 stop,No info,14151
Air India,6/03/2019,Delhi,Cochin,DEL → BOM → COK,08:00,19:15,11h 15m,1 stop,No info,15284
Multiple carriers,21/05/2019,Delhi,Cochin,DEL → BOM → COK,02:15,11:50,9h 35m,1 stop,No info,14067
Jet Airways,6/06/2019,Delhi,Cochin,DEL → JAI → BOM → COK,05:30,04:25 07 Jun,22h 55m,2 stops,In-flight meal not included,10368
Jet Airways,6/04/2019,Banglore,Delhi,BLR → DEL,11:10,14:05,2h 55m,non-stop,No info,7229
Jet Airways,27/06/2019,Mumbai,Hyderabad,BOM → HYD,02:55,04:20,1h 25m,non-stop,In-flight meal not included,3210
Air Asia,15/05/2019,Kolkata,Banglore,CCU → DEL → BLR,07:35,19:25,11h 50m,1 stop,No info,5192
IndiGo,27/06/2019,Delhi,Cochin,DEL → BOM → COK,16:00,21:00,5h,1 stop,No info,6069
Jet Airways,27/06/2019,Mumbai,Hyderabad,BOM → HYD,10:20,11:50,1h 30m,non-stop,No info,8040
IndiGo,18/05/2019,Delhi,Cochin,DEL → HYD → COK,05:05,16:10,11h 5m,1 stop,No info,6818
IndiGo,9/04/2019,Banglore,Delhi,BLR → DEL,20:00,22:50,2h 50m,non-stop,No info,4823
Air India,27/03/2019,Delhi,Cochin,DEL → JAI → BOM → COK,12:00,19:15,7h 15m,2 stops,No info,10493
Air India,6/03/2019,Delhi,Cochin,DEL → HYD → MAA → COK,13:05,09:25 07 Mar,20h 20m,2 stops,No info,12865
Multiple carriers,12/06/2019,Delhi,Cochin,DEL → HYD → COK,07:10,22:30,15h 20m,1 stop,No info,6513
Multiple carriers,27/05/2019,Delhi,Cochin,DEL → BOM → COK,13:00,01:30 28 May,12h 30m,1 stop,In-flight meal not included,6943
Jet Airways,24/05/2019,Kolkata,Banglore,CCU → DEL → BLR,20:25,23:35 25 May,27h 10m,1 stop,No info,14151
Jet Airways,27/05/2019,Delhi,Cochin,DEL → BOM → COK,20:55,04:25 28 May,7h 30m,1 stop,No info,16079
Air India,6/05/2019,Kolkata,Banglore,CCU → BBI → BOM → BLR,12:00,18:30 07 May,30h 30m,2 stops,No info,10151
Jet Airways,15/03/2019,Mumbai,Hyderabad,BOM → HYD,10:20,11:50,1h 30m,non-stop,In-flight meal not included,4160
Jet Airways,1/06/2019,Delhi,Cochin,DEL → NAG → BOM → COK,06:45,04:25 02 Jun,21h 40m,2 stops,In-flight meal not included,10919
Multiple carriers,27/05/2019,Delhi,Cochin,DEL → BOM → COK,07:00,19:00,12h,1 stop,No info,10407
Jet Airways,12/03/2019,Banglore,New Delhi,BLR → BOM → DEL,18:55,19:10 13 Mar,24h 15m,1 stop,In-flight meal not included,11087
Multiple carriers,21/05/2019,Delhi,Cochin,DEL → IDR → BOM → COK,15:05,01:30 22 May,10h 25m,2 stops,No info,16655
Jet Airways,18/05/2019,Delhi,Cochin,DEL → BOM → COK,21:50,12:35 19 May,14h 45m,1 stop,In-flight meal not included,12373
Jet Airways,6/06/2019,Delhi,Cochin,DEL → BHO → BOM → COK,05:30,12:35,7h 5m,2 stops,No info,14441
Air India,24/03/2019,Mumbai,Hyderabad,BOM → HYD,06:20,07:40,1h 20m,non-stop,No info,2575
Air India,15/03/2019,Banglore,New Delhi,BLR → BOM → DEL,08:50,15:15,6h 25m,1 stop,No info,8714
IndiGo,12/06/2019,Banglore,Delhi,BLR → DEL,08:30,11:20,2h 50m,non-stop,No info,4823
Jet Airways,12/05/2019,Kolkata,Banglore,CCU → BOM → BLR,21:10,16:20 13 May,19h 10m,1 stop,In-flight meal not included,10844
Jet Airways,18/05/2019,Kolkata,Banglore,CCU → BOM → BLR,14:05,22:35,8h 30m,1 stop,No info,14781
GoAir,9/04/2019,Banglore,Delhi,BLR → DEL,20:55,23:40,2h 45m,non-stop,No info,4239
SpiceJet,6/04/2019,Kolkata,Banglore,CCU → BLR,22:20,00:40 07 Apr,2h 20m,non-stop,No check-in baggage included,3841
Jet Airways,1/04/2019,Kolkata,Banglore,CCU → DEL → BLR,20:25,22:05 02 Apr,25h 40m,1 stop,No info,12121
IndiGo,9/05/2019,Delhi,Cochin,DEL → BOM → COK,11:25,01:30 10 May,14h 5m,1 stop,No info,8330
Air India,06/03/2019,Banglore,New Delhi,BLR → MAA → DEL,11:50,19:50,8h,1 stop,No info,14594
GoAir,12/06/2019,Delhi,Cochin,DEL → BOM → COK,10:35,19:35,9h,1 stop,No info,4959
IndiGo,15/06/2019,Mumbai,Hyderabad,BOM → HYD,16:55,18:25,1h 30m,non-stop,No info,3175
Jet Airways,6/06/2019,Kolkata,Banglore,CCU → DEL → BLR,09:35,21:05,11h 30m,1 stop,In-flight meal not included,13469
Jet Airways,1/05/2019,Mumbai,Hyderabad,BOM → HYD,19:35,21:05,1h 30m,non-stop,In-flight meal not included,2228
Air India,21/05/2019,Banglore,Delhi,BLR → DEL,05:45,08:45,3h,non-stop,No info,6961
Jet Airways,3/03/2019,Delhi,Cochin,DEL → BOM → COK,11:30,18:50,7h 20m,1 stop,No info,18550
Jet Airways,6/05/2019,Kolkata,Banglore,CCU → DEL → BLR,09:35,21:05,11h 30m,1 stop,In-flight meal not included,10703
Air India,9/05/2019,Kolkata,Banglore,CCU → DEL → BLR,10:00,20:25,10h 25m,1 stop,No info,10203
IndiGo,1/06/2019,Delhi,Cochin,DEL → BOM → COK,11:25,01:30 02 Jun,14h 5m,1 stop,No info,6206
Vistara,12/06/2019,Kolkata,Banglore,CCU → DEL → BLR,07:10,20:20,13h 10m,1 stop,No info,8610
Jet Airways,9/05/2019,Delhi,Cochin,DEL → BOM → COK,02:15,04:25 10 May,26h 10m,1 stop,In-flight meal not included,12373
Multiple carriers,15/06/2019,Delhi,Cochin,DEL → BOM → COK,10:20,19:15,8h 55m,1 stop,No info,9526
IndiGo,6/05/2019,Kolkata,Banglore,CCU → BLR,14:25,16:55,2h 30m,non-stop,No info,5224
Air India,15/05/2019,Delhi,Cochin,DEL → BLR → COK,13:30,08:15 16 May,18h 45m,1 stop,No info,10671
IndiGo,21/03/2019,Delhi,Cochin,DEL → BOM → COK,09:10,01:35 22 Mar,16h 25m,1 stop,No info,8765
Jet Airways,1/05/2019,Kolkata,Banglore,CCU → BOM → BLR,21:10,10:05 02 May,12h 55m,1 stop,In-flight meal not included,10844
Air India,18/05/2019,Kolkata,Banglore,CCU → IXR → DEL → BLR,05:50,08:55 19 May,27h 5m,2 stops,No info,12723
Jet Airways,21/03/2019,Delhi,Cochin,DEL → BDQ → BOM → COK,10:45,18:50 22 Mar,32h 5m,2 stops,In-flight meal not included,7791
Jet Airways,1/05/2019,Kolkata,Banglore,CCU → BOM → BLR,16:30,04:40 02 May,12h 10m,1 stop,In-flight meal not included,8586
IndiGo,27/05/2019,Delhi,Cochin,DEL → BLR → COK,15:10,20:00,4h 50m,1 stop,No info,5912
Jet Airways,27/03/2019,Delhi,Cochin,DEL → MAA → BOM → COK,17:35,19:45 28 Mar,26h 10m,2 stops,In-flight meal not included,8098
Jet Airways,6/06/2019,Mumbai,Hyderabad,BOM → HYD,10:20,11:50,1h 30m,non-stop,No info,8040
Jet Airways,18/05/2019,Delhi,Cochin,DEL → AMD → BOM → COK,13:25,12:35 19 May,23h 10m,2 stops,No info,15129
IndiGo,21/03/2019,Banglore,New Delhi,BLR → HYD → DEL,07:30,12:20,4h 50m,1 stop,No info,5694
IndiGo,1/05/2019,Mumbai,Hyderabad,BOM → HYD,16:55,18:25,1h 30m,non-stop,No info,3175
Air India,01/03/2019,Banglore,New Delhi,BLR → MAA → DEL,11:50,13:00 02 Mar,25h 10m,1 stop,1 Long layover,15434
Jet Airways,15/03/2019,Banglore,New Delhi,BLR → BOM → DEL,22:55,05:05 13 Mar,6h 10m,1 stop,No info,27210
IndiGo,27/04/2019,Banglore,Delhi,BLR → DEL,01:30,04:15,2h 45m,non-stop,No info,4591
SpiceJet,27/05/2019,Delhi,Cochin,DEL → MAA → COK,06:05,11:20,5h 15m,1 stop,No info,6749
Air India,12/05/2019,Kolkata,Banglore,CCU → BOM → BLR,09:25,21:50,12h 25m,1 stop,No info,8891
Air India,12/05/2019,Kolkata,Banglore,CCU → DEL → COK → BLR,10:00,01:20 13 May,15h 20m,2 stops,No info,12140
Multiple carriers,15/05/2019,Delhi,Cochin,DEL → BOM → COK,08:45,19:15,10h 30m,1 stop,No info,8266
IndiGo,9/04/2019,Banglore,Delhi,BLR → DEL,22:10,01:00 10 Apr,2h 50m,non-stop,No info,3943
Multiple carriers,9/04/2019,Delhi,Cochin,DEL → BOM → COK,08:30,19:00,10h 30m,1 stop,No info,10877
Jet Airways,18/03/2019,Banglore,New Delhi,BLR → BOM → DEL,07:00,07:40 16 Mar,24h 40m,1 stop,No info,11455
Air India,1/05/2019,Kolkata,Banglore,CCU → DEL → BLR,10:00,16:15,6h 15m,1 stop,No info,10203
IndiGo,9/06/2019,Kolkata,Banglore,CCU → BLR,14:25,16:55,2h 30m,non-stop,No info,5644
IndiGo,1/03/2019,Kolkata,Banglore,CCU → BLR,22:10,00:55 02 Mar,2h 45m,non-stop,No info,4778
Multiple carriers,9/06/2019,Delhi,Cochin,DEL → BOM → COK,08:00,21:00,13h,1 stop,No info,7408
Jet Airways,9/06/2019,Kolkata,Banglore,CCU → DEL → BLR,17:00,21:05 10 Jun,28h 5m,1 stop,No info,12692
Jet Airways,12/06/2019,Kolkata,Banglore,CCU → BOM → BLR,06:30,12:00,5h 30m,1 stop,No info,13626
Jet Airways,9/05/2019,Delhi,Cochin,DEL → JAI → BOM → COK,09:40,12:35 10 May,26h 55m,2 stops,No info,15129
IndiGo,9/05/2019,Banglore,Delhi,BLR → DEL,06:05,08:50,2h 45m,non-stop,No info,4077
IndiGo,1/05/2019,Delhi,Cochin,DEL → BOM → COK,07:30,21:00,13h 30m,1 stop,No info,8542
Multiple carriers,18/05/2019,Delhi,Cochin,DEL → BOM → COK,08:00,21:00,13h,1 stop,No info,13727
Air India,27/03/2019,Delhi,Cochin,DEL → HYD → BOM → COK,21:30,19:15 28 Mar,21h 45m,2 stops,No info,8665
Multiple carriers,6/06/2019,Delhi,Cochin,DEL → BOM → COK,10:35,19:15,8h 40m,1 stop,No info,7354
Jet Airways,21/03/2019,Delhi,Cochin,DEL → BOM → COK,13:00,04:25 22 Mar,15h 25m,1 stop,In-flight meal not included,7438
Air India,3/03/2019,Delhi,Cochin,DEL → HYD → MAA → COK,07:05,09:25 04 Mar,26h 20m,2 stops,No info,9400
Jet Airways,27/04/2019,Banglore,Delhi,BLR → DEL,11:10,14:05,2h 55m,non-stop,No info,7229
IndiGo,1/04/2019,Kolkata,Banglore,CCU → BLR,11:30,14:05,2h 35m,non-stop,No info,4174
Jet Airways,27/03/2019,Delhi,Cochin,DEL → BOM → COK,16:00,04:25 28 Mar,12h 25m,1 stop,In-flight meal not included,6540
Air India,01/03/2019,Banglore,New Delhi,BLR → COK → DEL,22:00,23:20 02 Mar,25h 20m,1 stop,Change airports,14305
Multiple carriers,15/05/2019,Delhi,Cochin,DEL → BOM → COK,07:30,21:00,13h 30m,1 stop,No info,8405
IndiGo,09/03/2019,Banglore,New Delhi,BLR → DEL,18:25,21:20,2h 55m,non-stop,No info,6860
Jet Airways,3/06/2019,Delhi,Cochin,DEL → BOM → COK,02:15,19:00,16h 45m,1 stop,In-flight meal not included,10262
SpiceJet,21/04/2019,Delhi,Cochin,DEL → PNQ → COK,08:45,13:15,4h 30m,1 stop,No info,6460
Air India,24/03/2019,Kolkata,Banglore,CCU → BOM → GOI → BLR,09:25,05:35 25 Mar,20h 10m,2 stops,No info,12352
Air India,21/05/2019,Delhi,Cochin,DEL → BHO → BOM → COK,20:00,19:15 22 May,23h 15m,2 stops,No info,10861
Air India,9/06/2019,Delhi,Cochin,DEL → GOI → BOM → COK,22:00,19:15 10 Jun,21h 15m,2 stops,No info,10441
IndiGo,15/05/2019,Kolkata,Banglore,CCU → BLR,22:15,00:50 16 May,2h 35m,non-stop,No info,4804
IndiGo,3/04/2019,Banglore,Delhi,BLR → DEL,07:10,10:05,2h 55m,non-stop,No info,4823
Multiple carriers,21/03/2019,Delhi,Cochin,DEL → HYD → COK,09:45,16:10,6h 25m,1 stop,No info,7242
Air Asia,24/03/2019,Banglore,New Delhi,BLR → DEL,23:25,02:10 25 Mar,2h 45m,non-stop,No info,4482
SpiceJet,3/06/2019,Delhi,Cochin,DEL → PNQ → COK,08:45,13:15,4h 30m,1 stop,No check-in baggage included,5726
SpiceJet,21/04/2019,Banglore,Delhi,BLR → DEL,09:30,12:20,2h 50m,non-stop,No info,4991
Jet Airways,1/05/2019,Kolkata,Banglore,CCU → DEL → BLR,09:35,18:00,8h 25m,1 stop,In-flight meal not included,10703
IndiGo,24/06/2019,Delhi,Cochin,DEL → HYD → COK,06:50,16:10,9h 20m,1 stop,No info,6442
GoAir,15/06/2019,Banglore,Delhi,BLR → DEL,20:55,23:40,2h 45m,non-stop,No info,3898
Jet Airways,12/06/2019,Kolkata,Banglore,CCU → BOM → BLR,08:25,18:15,9h 50m,1 stop,In-flight meal not included,9899
Jet Airways,6/06/2019,Delhi,Cochin,DEL → BOM → COK,17:30,04:25 07 Jun,10h 55m,1 stop,In-flight meal not included,10262
Jet Airways,12/06/2019,Kolkata,Banglore,CCU → BOM → BLR,20:00,09:20 13 Jun,13h 20m,1 stop,No info,13044
Air Asia,1/06/2019,Delhi,Cochin,DEL → BLR → COK,16:45,22:25,5h 40m,1 stop,No info,11410
Jet Airways,09/03/2019,Banglore,New Delhi,BLR → BOM → DEL,08:55,09:30 13 Mar,24h 35m,1 stop,In-flight meal not included,11087
IndiGo,12/06/2019,Kolkata,Banglore,CCU → HYD → BLR,19:20,23:45,4h 25m,1 stop,No info,3574
IndiGo,3/06/2019,Banglore,Delhi,BLR → DEL,08:30,11:20,2h 50m,non-stop,No info,4823
Air India,9/04/2019,Delhi,Cochin,DEL → COK,05:10,08:00,2h 50m,non-stop,No info,4729
Air India,03/03/2019,Banglore,New Delhi,BLR → TRV → COK → DEL,07:30,10:50 07 Mar,27h 20m,2 stops,No info,12074
Multiple carriers,27/05/2019,Delhi,Cochin,DEL → HYD → COK,09:45,16:10,6h 25m,1 stop,No info,10486
Jet Airways,21/03/2019,Delhi,Cochin,DEL → BDQ → BOM → COK,18:25,18:50 22 Mar,24h 25m,2 stops,No info,11869
Multiple carriers,1/06/2019,Delhi,Cochin,DEL → BOM → COK,18:15,01:30 02 Jun,7h 15m,1 stop,No info,13377
Jet Airways,24/05/2019,Kolkata,Banglore,CCU → BOM → BLR,06:30,04:40 25 May,22h 10m,1 stop,In-flight meal not included,8586
IndiGo,27/04/2019,Banglore,Delhi,BLR → DEL,06:05,08:50,2h 45m,non-stop,No info,4423
Jet Airways,27/05/2019,Delhi,Cochin,DEL → BOM → COK,21:50,19:00 28 May,21h 10m,1 stop,In-flight meal not included,12898
IndiGo,27/04/2019,Banglore,Delhi,BLR → DEL,20:00,22:50,2h 50m,non-stop,No info,4823
Jet Airways,1/04/2019,Kolkata,Banglore,CCU → BOM → BLR,14:05,19:50,5h 45m,1 stop,No info,13364
Jet Airways,12/05/2019,Kolkata,Banglore,CCU → BOM → BLR,20:00,10:05 13 May,14h 5m,1 stop,In-flight meal not included,8586
Jet Airways,6/05/2019,Kolkata,Banglore,CCU → BOM → BLR,08:25,16:20,7h 55m,1 stop,In-flight meal not included,10844
Multiple carriers,24/06/2019,Delhi,Cochin,DEL → BOM → COK,08:30,19:15,10h 45m,1 stop,No info,7354
Jet Airways,18/06/2019,Banglore,Delhi,BLR → DEL,06:00,08:45,2h 45m,non-stop,No info,8016
Jet Airways,12/06/2019,Banglore,Delhi,BLR → DEL,11:10,14:05,2h 55m,non-stop,In-flight meal not included,5769
Air India,9/05/2019,Delhi,Cochin,DEL → MAA → COK,06:05,09:25 10 May,27h 20m,1 stop,No info,7480
Jet Airways,27/06/2019,Delhi,Cochin,DEL → AMD → BOM → COK,19:10,12:35 28 Jun,17h 25m,2 stops,No info,15339
Multiple carriers,27/06/2019,Delhi,Cochin,DEL → BOM → COK,09:00,19:15,10h 15m,1 stop,No info,14848
Multiple carriers,24/06/2019,Delhi,Cochin,DEL → BOM → COK,07:05,19:15,12h 10m,1 stop,No info,15058
Multiple carriers,21/03/2019,Delhi,Cochin,DEL → BOM → COK,11:40,18:50,7h 10m,1 stop,No info,11999
Multiple carriers,18/05/2019,Delhi,Cochin,DEL → BOM → COK,15:00,01:30 19 May,10h 30m,1 stop,No info,13727
Multiple carriers,9/06/2019,Delhi,Cochin,DEL → BOM → COK,13:00,01:30 10 Jun,12h 30m,1 stop,No info,7198
Jet Airways,3/06/2019,Delhi,Cochin,DEL → BOM → COK,18:15,19:00 04 Jun,24h 45m,1 stop,No info,14714
Air India,18/05/2019,Delhi,Cochin,DEL → COK,14:10,17:10,3h,non-stop,No info,6934
Multiple carriers,3/06/2019,Delhi,Cochin,DEL → BOM → COK,10:20,01:30 04 Jun,15h 10m,1 stop,No info,6795
Jet Airways,18/03/2019,Banglore,New Delhi,BLR → BOM → DEL,14:05,19:10,5h 5m,1 stop,No info,14815
Jet Airways,9/05/2019,Banglore,Delhi,BLR → DEL,15:15,18:10,2h 55m,non-stop,In-flight meal not included,4544
Jet Airways,15/06/2019,Delhi,Cochin,DEL → BDQ → BOM → COK,18:25,04:25 16 Jun,10h,2 stops,No info,14237
GoAir,24/06/2019,Kolkata,Banglore,CCU → BLR,15:20,17:55,2h 35m,non-stop,No info,3514
Vistara,18/05/2019,Kolkata,Banglore,CCU → DEL → BLR,20:20,18:50 19 May,22h 30m,1 stop,No info,9555
Vistara,1/04/2019,Kolkata,Banglore,CCU → DEL → BLR,20:20,20:20 02 Apr,24h,1 stop,No info,8452
Air India,12/06/2019,Delhi,Cochin,DEL → BOM → COK,13:00,19:15,6h 15m,1 stop,No info,8372
Vistara,1/04/2019,Kolkata,Banglore,CCU → DEL → BLR,07:10,20:20,13h 10m,1 stop,No info,8452
Jet Airways,3/06/2019,Delhi,Cochin,DEL → JAI → BOM → COK,05:30,19:00,13h 30m,2 stops,In-flight meal not included,10368
Jet Airways,12/04/2019,Banglore,Delhi,BLR → DEL,08:20,11:20,3h,non-stop,No info,7229
IndiGo,24/06/2019,Delhi,Cochin,DEL → BOM → COK,09:15,21:00,11h 45m,1 stop,No info,6838
Multiple carriers,27/05/2019,Delhi,Cochin,DEL → HYD → COK,07:10,16:10,9h,1 stop,No info,7878
Jet Airways,18/05/2019,Kolkata,Banglore,CCU → BOM → BLR,14:05,20:45,6h 40m,1 stop,In-flight meal not included,10844
GoAir,6/06/2019,Banglore,Delhi,BLR → DEL,20:55,23:40,2h 45m,non-stop,No info,3419
Air India,18/05/2019,Banglore,Delhi,BLR → DEL,17:00,19:45,2h 45m,non-stop,No info,7171
Jet Airways,24/03/2019,Kolkata,Banglore,CCU → BOM → BLR,18:55,12:00 25 Mar,17h 5m,1 stop,No info,14231
Multiple carriers,6/03/2019,Delhi,Cochin,DEL → BOM → COK,07:30,21:00,13h 30m,1 stop,No info,15147
Multiple carriers,21/03/2019,Delhi,Cochin,DEL → BOM → COK,16:00,01:35 22 Mar,9h 35m,1 stop,No info,13542
Air India,6/06/2019,Mumbai,Hyderabad,BOM → HYD,06:20,07:40,1h 20m,non-stop,No info,3100
Multiple carriers,15/05/2019,Delhi,Cochin,DEL → HYD → COK,07:05,22:30,15h 25m,1 stop,No info,9646
IndiGo,27/06/2019,Chennai,Kolkata,MAA → CCU,11:35,14:00,2h 25m,non-stop,No info,3858
IndiGo,21/03/2019,Delhi,Cochin,DEL → BOM → COK,09:10,21:00,11h 50m,1 stop,No info,8285
Jet Airways,27/05/2019,Delhi,Cochin,DEL → AMD → BOM → COK,23:05,04:25 29 May,29h 20m,2 stops,No info,15129
Jet Airways,24/06/2019,Delhi,Cochin,DEL → JAI → BOM → COK,19:30,12:35 25 Jun,17h 5m,2 stops,In-flight meal not included,10368
Multiple carriers,15/06/2019,Delhi,Cochin,DEL → BOM → COK,04:55,12:35,7h 40m,1 stop,No info,10678
Jet Airways,6/03/2019,Delhi,Cochin,DEL → AMD → BOM → COK,19:10,19:45 07 Mar,24h 35m,2 stops,No info,19329
Vistara,6/05/2019,Banglore,Delhi,BLR → DEL,17:00,19:35,2h 35m,non-stop,No info,4878
SpiceJet,18/03/2019,Chennai,Kolkata,MAA → CCU,08:20,10:35,2h 15m,non-stop,No info,3859
Air India,01/03/2019,Banglore,New Delhi,BLR → MAA → DEL,11:50,08:55 02 Mar,21h 5m,1 stop,1 Long layover,14594
Jet Airways,1/05/2019,Kolkata,Banglore,CCU → BOM → BLR,16:30,10:05 02 May,17h 35m,1 stop,In-flight meal not included,8586
Jet Airways,21/05/2019,Banglore,Delhi,BLR → DEL,07:10,10:10,3h,non-stop,In-flight meal not included,4030
IndiGo,3/03/2019,Delhi,Cochin,DEL → BOM → COK,20:30,01:35 04 Mar,5h 5m,1 stop,No info,8258
Air India,21/05/2019,Delhi,Cochin,DEL → BLR → COK,17:40,08:15 22 May,14h 35m,1 stop,No info,8151
Air India,27/03/2019,Delhi,Cochin,DEL → HYD → MAA → COK,09:45,09:25 28 Mar,23h 40m,2 stops,No info,7090
Multiple carriers,27/05/2019,Delhi,Cochin,DEL → BOM → COK,09:00,21:00,12h,1 stop,No info,13587
Vistara,24/04/2019,Banglore,Delhi,BLR → DEL,09:45,12:35,2h 50m,non-stop,No info,5403
GoAir,24/03/2019,Banglore,New Delhi,BLR → DEL,07:45,10:40,2h 55m,non-stop,No info,3898
Vistara,12/05/2019,Banglore,Delhi,BLR → DEL,11:30,14:20,2h 50m,non-stop,No info,4668
Jet Airways,21/06/2019,Banglore,Delhi,BLR → DEL,07:10,10:10,3h,non-stop,In-flight meal not included,5769
IndiGo,15/03/2019,Mumbai,Hyderabad,BOM → HYD,06:20,07:45,1h 25m,non-stop,No info,3342
Multiple carriers,15/05/2019,Delhi,Cochin,DEL → BOM → COK,09:00,19:00,10h,1 stop,No info,10197
IndiGo,12/06/2019,Kolkata,Banglore,CCU → PNQ → BLR,21:00,02:15 13 Jun,5h 15m,1 stop,No info,5930
Jet Airways,3/06/2019,Delhi,Cochin,DEL → BOM → COK,18:15,04:25 04 Jun,10h 10m,1 stop,In-flight meal not included,10262
SpiceJet,24/05/2019,Chennai,Kolkata,MAA → CCU,17:45,20:05,2h 20m,non-stop,No info,3597
Jet Airways,15/06/2019,Delhi,Cochin,DEL → COK,11:00,14:15,3h 15m,non-stop,In-flight meal not included,7202
SpiceJet,24/06/2019,Banglore,Delhi,BLR → DEL,09:30,12:20,2h 50m,non-stop,No info,3625
Multiple carriers,12/06/2019,Delhi,Cochin,DEL → BOM → COK,10:20,19:15,8h 55m,1 stop,No info,8266
Jet Airways,27/06/2019,Delhi,Cochin,DEL → BOM → COK,15:00,12:35 28 Jun,21h 35m,1 stop,In-flight meal not included,10262
Air Asia,12/04/2019,Banglore,Delhi,BLR → DEL,04:55,07:45,2h 50m,non-stop,No info,4282
Jet Airways,9/06/2019,Kolkata,Banglore,CCU → BOM → BLR,06:30,16:20,9h 50m,1 stop,No info,14571
Jet Airways,3/04/2019,Mumbai,Hyderabad,BOM → HYD,07:05,08:30,1h 25m,non-stop,No info,8040
Multiple carriers,6/06/2019,Delhi,Cochin,DEL → BOM → COK,08:00,19:15,11h 15m,1 stop,No info,14848
Jet Airways,24/06/2019,Delhi,Cochin,DEL → BOM → COK,14:00,19:00,5h,1 stop,No info,14714
Multiple carriers,21/03/2019,Delhi,Cochin,DEL → BOM → COK,10:45,19:15,8h 30m,1 stop,No info,7154
Jet Airways,15/06/2019,Delhi,Cochin,DEL → BOM → COK,09:00,19:00,10h,1 stop,In-flight meal not included,10262
IndiGo,12/05/2019,Kolkata,Banglore,CCU → NAG → BLR,18:05,23:30,5h 25m,1 stop,No info,6218
Jet Airways,18/05/2019,Banglore,Delhi,BLR → DEL,07:10,10:10,3h,non-stop,In-flight meal not included,5198
IndiGo,15/06/2019,Delhi,Cochin,DEL → BOM → COK,11:25,01:30 16 Jun,14h 5m,1 stop,No info,5883
SpiceJet,9/05/2019,Mumbai,Hyderabad,BOM → HYD,22:45,00:15 10 May,1h 30m,non-stop,No check-in baggage included,1965
Jet Airways,1/06/2019,Delhi,Cochin,DEL → BOM → COK,07:05,12:35,5h 30m,1 stop,In-flight meal not included,12898
IndiGo,3/04/2019,Banglore,Delhi,BLR → DEL,18:25,21:20,2h 55m,non-stop,No info,4823
Jet Airways,01/03/2019,Banglore,New Delhi,BLR → BOM → DEL,16:55,08:15 02 Mar,15h 20m,1 stop,No info,26890
Air India,6/05/2019,Kolkata,Banglore,CCU → HYD → BLR,19:00,04:40 07 May,9h 40m,1 stop,No info,6117
IndiGo,15/04/2019,Kolkata,Banglore,CCU → BLR,20:20,22:55,2h 35m,non-stop,No info,4174
IndiGo,1/05/2019,Kolkata,Banglore,CCU → MAA → BLR,06:20,10:20,4h,1 stop,No info,4226
Air India,27/05/2019,Kolkata,Banglore,CCU → BLR,20:45,23:20,2h 35m,non-stop,No info,4145
Air India,18/04/2019,Delhi,Cochin,DEL → COK,18:05,21:10,3h 5m,non-stop,No info,8246
IndiGo,6/03/2019,Delhi,Cochin,DEL → MAA → COK,02:05,07:25,5h 20m,1 stop,No info,10851
IndiGo,21/06/2019,Mumbai,Hyderabad,BOM → HYD,21:20,22:50,1h 30m,non-stop,No info,2227
Vistara,24/03/2019,Kolkata,Banglore,CCU → DEL → BLR,07:10,18:45,11h 35m,1 stop,No info,16932
Jet Airways,27/06/2019,Delhi,Cochin,DEL → BOM → COK,21:50,04:25 28 Jun,6h 35m,1 stop,No info,16079
IndiGo,1/04/2019,Banglore,Delhi,BLR → DEL,20:00,22:50,2h 50m,non-stop,No info,4823
Jet Airways,9/04/2019,Banglore,Delhi,BLR → DEL,07:10,10:10,3h,non-stop,In-flight meal not included,4544
Jet Airways,15/03/2019,Banglore,New Delhi,BLR → BOM → DEL,08:00,16:10,8h 10m,1 stop,In-flight meal not included,9134
IndiGo,9/05/2019,Delhi,Cochin,DEL → COK,14:25,17:40,3h 15m,non-stop,No info,6015
IndiGo,15/05/2019,Delhi,Cochin,DEL → BOM → COK,10:35,01:30 16 May,14h 55m,1 stop,No info,6979
IndiGo,9/05/2019,Kolkata,Banglore,CCU → PAT → BLR,09:20,14:15,4h 55m,1 stop,No info,11465
Jet Airways,24/06/2019,Delhi,Cochin,DEL → JAI → BOM → COK,09:40,12:35 25 Jun,26h 55m,2 stops,In-flight meal not included,10368
Jet Airways,1/06/2019,Banglore,Delhi,BLR → DEL,11:10,14:05,2h 55m,non-stop,In-flight meal not included,7229
Jet Airways,6/06/2019,Kolkata,Banglore,CCU → BOM → BLR,14:05,04:40 07 Jun,14h 35m,1 stop,No info,13059
Multiple carriers,9/05/2019,Delhi,Cochin,DEL → BOM → COK,07:05,19:15,12h 10m,1 stop,In-flight meal not included,11142
Multiple carriers,9/03/2019,Delhi,Cochin,DEL → BOM → COK,06:40,19:15,12h 35m,1 stop,No info,13082
Vistara,15/04/2019,Banglore,Delhi,BLR → DEL,17:00,19:35,2h 35m,non-stop,No info,5613
Air India,9/05/2019,Kolkata,Banglore,CCU → GAU → BLR,09:50,21:05,11h 15m,1 stop,No info,7452
Air India,6/06/2019,Kolkata,Banglore,CCU → IXR → DEL → BLR,05:50,23:15,17h 25m,2 stops,No info,12723
IndiGo,9/05/2019,Kolkata,Banglore,CCU → HYD → BLR,15:15,20:30,5h 15m,1 stop,No info,4565
Jet Airways,21/05/2019,Delhi,Cochin,DEL → BOM → COK,17:30,12:35 22 May,19h 5m,1 stop,In-flight meal not included,12898
SpiceJet,15/05/2019,Kolkata,Banglore,CCU → IXB → BLR,11:15,18:30,7h 15m,1 stop,No info,8844
Air India,15/03/2019,Banglore,New Delhi,BLR → DEL,10:00,12:45,2h 45m,non-stop,No info,7276
Air India,6/05/2019,Kolkata,Banglore,CCU → IXR → DEL → BLR,05:50,08:55 07 May,27h 5m,2 stops,No info,10991
Vistara,6/05/2019,Banglore,Delhi,BLR → DEL,09:45,12:35,2h 50m,non-stop,No info,4668
GoAir,21/04/2019,Delhi,Cochin,DEL → BOM → COK,10:35,19:35,9h,1 stop,No info,7031
Multiple carriers,12/06/2019,Delhi,Cochin,DEL → BOM → COK,10:00,01:30 13 Jun,15h 30m,1 stop,No info,7198
Jet Airways,15/05/2019,Banglore,Delhi,BLR → DEL,15:15,18:10,2h 55m,non-stop,In-flight meal not included,3502
Jet Airways,18/05/2019,Delhi,Cochin,DEL → BOM → COK,21:50,04:25 19 May,6h 35m,1 stop,No info,15554
Jet Airways,27/06/2019,Delhi,Cochin,DEL → LKO → BOM → COK,11:45,12:35 28 Jun,24h 50m,2 stops,No info,13882
IndiGo,24/06/2019,Delhi,Cochin,DEL → HYD → COK,07:35,12:10,4h 35m,1 stop,No info,5054
Jet Airways,1/04/2019,Kolkata,Banglore,CCU → BOM → BLR,18:55,16:20 02 Apr,21h 25m,1 stop,In-flight meal not included,7064
Jet Airways,21/03/2019,Delhi,Cochin,DEL → AMD → BOM → COK,19:10,18:50 22 Mar,23h 40m,2 stops,No info,9483
IndiGo,21/03/2019,Delhi,Cochin,DEL → BOM → COK,06:40,13:20,6h 40m,1 stop,No info,10208
Air India,9/03/2019,Delhi,Cochin,DEL → BLR → COK,17:45,23:00,5h 15m,1 stop,No info,9064
GoAir,1/05/2019,Banglore,Delhi,BLR → DEL,07:45,10:40,2h 55m,non-stop,No info,3898
Jet Airways,24/03/2019,Kolkata,Banglore,CCU → BOM → BLR,08:25,22:35,14h 10m,1 stop,No info,13759
Multiple carriers,27/06/2019,Delhi,Cochin,DEL → BOM → COK,08:00,21:00,13h,1 stop,No info,7408
Jet Airways,21/03/2019,Banglore,New Delhi,BLR → BOM → DEL,14:05,07:40 19 Mar,17h 35m,1 stop,In-flight meal not included,7832
Jet Airways,6/05/2019,Kolkata,Banglore,CCU → BOM → BLR,16:30,04:40 07 May,12h 10m,1 stop,No info,13941
IndiGo,27/05/2019,Mumbai,Hyderabad,BOM → HYD,02:35,04:05,1h 30m,non-stop,No info,2754
Air India,27/05/2019,Delhi,Cochin,DEL → JAI → BOM → COK,12:00,19:15,7h 15m,2 stops,No info,9653
Jet Airways,24/03/2019,Kolkata,Banglore,CCU → BOM → BLR,06:30,19:40,13h 10m,1 stop,No info,13339
Multiple carriers,6/03/2019,Delhi,Cochin,DEL → BOM → COK,09:55,21:00,11h 5m,1 stop,In-flight meal not included,15136
Jet Airways,9/06/2019,Kolkata,Banglore,CCU → DEL → BLR,09:35,09:45 10 Jun,24h 10m,1 stop,No info,14151
Multiple carriers,9/05/2019,Delhi,Cochin,DEL → IDR → BOM → COK,15:05,01:30 10 May,10h 25m,2 stops,No info,18191
Air Asia,6/06/2019,Kolkata,Banglore,CCU → DEL → BLR,07:35,19:25,11h 50m,1 stop,No info,6810
Multiple carriers,15/05/2019,Delhi,Cochin,DEL → BOM → COK,13:00,21:00,8h,1 stop,No info,13727
Jet Airways,1/04/2019,Kolkata,Banglore,CCU → BOM → BLR,21:10,08:15 02 Apr,11h 5m,1 stop,In-flight meal not included,8849
Multiple carriers,24/06/2019,Delhi,Cochin,DEL → BOM → COK,15:15,01:30 25 Jun,10h 15m,1 stop,In-flight meal not included,5797
SpiceJet,3/06/2019,Kolkata,Banglore,CCU → BLR,22:20,00:40 04 Jun,2h 20m,non-stop,No info,3873
Vistara,6/06/2019,Kolkata,Banglore,CCU → DEL → BLR,17:00,20:20 07 Jun,27h 20m,1 stop,No info,8820
SpiceJet,24/03/2019,Mumbai,Hyderabad,BOM → HYD,22:45,00:10 25 Mar,1h 25m,non-stop,No info,2227
Jet Airways,1/05/2019,Kolkata,Banglore,CCU → DEL → BLR,17:00,22:05 02 May,29h 5m,1 stop,No info,14151
SpiceJet,6/06/2019,Chennai,Kolkata,MAA → CCU,17:45,20:05,2h 20m,non-stop,No check-in baggage included,3543
SpiceJet,9/05/2019,Delhi,Cochin,DEL → BLR → COK,17:55,22:50,4h 55m,1 stop,No info,5975
Air Asia,1/06/2019,Delhi,Cochin,DEL → BLR → COK,07:55,22:25,14h 30m,1 stop,No info,8759
IndiGo,1/03/2019,Delhi,Cochin,DEL → HYD → MAA → COK,04:55,21:20,16h 25m,2 stops,No info,10278
IndiGo,15/04/2019,Banglore,Delhi,BLR → DEL,21:15,00:15 16 Apr,3h,non-stop,No info,3943
Air India,24/06/2019,Kolkata,Banglore,CCU → BLR,14:15,16:45,2h 30m,non-stop,No info,5510
Jet Airways,21/05/2019,Kolkata,Banglore,CCU → BOM → BLR,18:55,08:15 22 May,13h 20m,1 stop,No info,14388
Air India,9/06/2019,Kolkata,Banglore,CCU → BLR,14:15,16:45,2h 30m,non-stop,No info,6245
Jet Airways,3/06/2019,Delhi,Cochin,DEL → BOM → COK,17:30,04:25 04 Jun,10h 55m,1 stop,No info,14714
IndiGo,24/06/2019,Delhi,Cochin,DEL → MAA → COK,07:15,12:30,5h 15m,1 stop,No info,6582
Jet Airways,9/05/2019,Kolkata,Banglore,CCU → BOM → BLR,08:25,09:20 10 May,24h 55m,1 stop,In-flight meal not included,9663
Jet Airways,1/04/2019,Banglore,Delhi,BLR → DEL,07:10,10:10,3h,non-stop,No info,7229
Multiple carriers,24/06/2019,Delhi,Cochin,DEL → HYD → COK,07:10,22:30,15h 20m,1 stop,No info,6723
Air India,12/06/2019,Delhi,Cochin,DEL → MAA → COK,12:30,09:25 13 Jun,20h 55m,1 stop,No info,7480
Air Asia,1/06/2019,Delhi,Cochin,DEL → BLR → COK,07:55,13:25,5h 30m,1 stop,No info,9330
Jet Airways,12/06/2019,Delhi,Cochin,DEL → BOM → COK,08:00,04:25 13 Jun,20h 25m,1 stop,In-flight meal not included,10577
Air India,15/03/2019,Banglore,New Delhi,BLR → HYD → VGA → DEL,08:15,22:55,14h 40m,2 stops,No info,7904
IndiGo,3/03/2019,Delhi,Cochin,DEL → BOM → COK,08:25,15:30,7h 5m,1 stop,No info,14871
Multiple carriers,1/06/2019,Delhi,Cochin,DEL → BOM → COK,10:20,01:30 02 Jun,15h 10m,1 stop,No info,6795
Jet Airways,1/06/2019,Delhi,Cochin,DEL → BOM → COK,11:30,04:25 02 Jun,16h 55m,1 stop,In-flight meal not included,10262
Jet Airways,27/06/2019,Delhi,Cochin,DEL → ATQ → BOM → COK,20:00,12:35 28 Jun,16h 35m,2 stops,No info,14300
Jet Airways,3/06/2019,Delhi,Cochin,DEL → BOM → COK,10:00,19:00,9h,1 stop,In-flight meal not included,10262
IndiGo,24/06/2019,Kolkata,Banglore,CCU → BLR,09:35,12:20,2h 45m,non-stop,No info,4804
Jet Airways,9/06/2019,Banglore,Delhi,BLR → DEL,17:45,20:45,3h,non-stop,In-flight meal not included,7229
Air India,27/03/2019,Delhi,Cochin,DEL → BLR → COK,20:30,23:00 28 Mar,26h 30m,1 stop,No info,5022
Jet Airways,6/05/2019,Kolkata,Banglore,CCU → GAU → BLR,10:20,17:35,7h 15m,1 stop,No info,9358
Jet Airways,21/06/2019,Mumbai,Hyderabad,BOM → HYD,07:05,08:30,1h 25m,non-stop,In-flight meal not included,4995
IndiGo,24/04/2019,Kolkata,Banglore,CCU → BLR,15:15,17:45,2h 30m,non-stop,No info,4804
Jet Airways,27/06/2019,Delhi,Cochin,DEL → BOM → COK,11:30,19:00,7h 30m,1 stop,In-flight meal not included,10262
Jet Airways,21/05/2019,Kolkata,Banglore,CCU → BOM → BLR,16:30,23:35,7h 5m,1 stop,No info,14781
SpiceJet,21/04/2019,Delhi,Cochin,DEL → MAA → COK,15:45,22:05,6h 20m,1 stop,No info,6749
IndiGo,12/06/2019,Banglore,Delhi,BLR → DEL,20:00,22:50,2h 50m,non-stop,No info,4823
Jet Airways,12/05/2019,Banglore,Delhi,BLR → DEL,15:15,18:10,2h 55m,non-stop,In-flight meal not included,4544
Air India,12/03/2019,Banglore,New Delhi,BLR → BOM → NAG → DEL,08:50,10:15 13 Mar,25h 25m,2 stops,No info,12778
Jet Airways,9/03/2019,Delhi,Cochin,DEL → BOM → COK,20:50,18:50 10 Mar,22h,1 stop,In-flight meal not included,14053
Multiple carriers,27/05/2019,Delhi,Cochin,DEL → BOM → COK,06:00,19:15,13h 15m,1 stop,No info,10786
Vistara,6/03/2019,Mumbai,Hyderabad,BOM → DEL → HYD,08:45,22:55,14h 10m,1 stop,No info,12395
Air India,12/06/2019,Kolkata,Banglore,CCU → BLR,20:45,23:20,2h 35m,non-stop,No info,4145
Jet Airways,27/05/2019,Banglore,Delhi,BLR → DEL,19:50,22:50,3h,non-stop,No info,7229
Vistara,9/03/2019,Delhi,Cochin,DEL → COK,14:55,17:50,2h 55m,non-stop,No info,6741
Jet Airways,18/06/2019,Mumbai,Hyderabad,BOM → HYD,08:45,10:15,1h 30m,non-stop,In-flight meal not included,4995
Jet Airways,24/06/2019,Delhi,Cochin,DEL → IDR → BOM → COK,05:30,04:25 25 Jun,22h 55m,2 stops,No info,13292
Air India,21/05/2019,Kolkata,Banglore,CCU → BOM → COK → BLR,09:25,13:45 22 May,28h 20m,2 stops,No info,11542
Jet Airways,03/03/2019,Banglore,New Delhi,BLR → BOM → DEL,05:45,05:05 07 Mar,23h 20m,1 stop,In-flight meal not included,11087
Jet Airways,1/05/2019,Kolkata,Banglore,CCU → BOM → BLR,14:05,12:00 02 May,21h 55m,1 stop,No info,14388
Multiple carriers,6/06/2019,Delhi,Cochin,DEL → BOM → COK,04:55,19:00,14h 5m,1 stop,No info,10678
Jet Airways,1/06/2019,Delhi,Cochin,DEL → BOM → COK,17:30,12:35 02 Jun,19h 5m,1 stop,In-flight meal not included,10262
IndiGo,9/05/2019,Delhi,Cochin,DEL → HYD → COK,07:35,12:10,4h 35m,1 stop,No info,5054
SpiceJet,3/04/2019,Mumbai,Hyderabad,BOM → HYD,13:15,14:45,1h 30m,non-stop,No info,2017
Vistara,21/03/2019,Banglore,New Delhi,BLR → DEL,07:00,09:40,2h 40m,non-stop,No info,5403
Air India,21/03/2019,Banglore,New Delhi,BLR → HYD → DEL,08:15,23:10,14h 55m,1 stop,No info,4943
Jet Airways,9/06/2019,Kolkata,Banglore,CCU → BOM → BLR,08:25,18:15,9h 50m,1 stop,No info,14571
Air India,6/06/2019,Kolkata,Banglore,CCU → JAI → DEL → BLR,08:20,20:25,12h 5m,2 stops,No info,11432
Jet Airways,12/03/2019,Banglore,New Delhi,BLR → BOM → DEL,22:55,15:15 13 Mar,16h 20m,1 stop,In-flight meal not included,11087
Jet Airways,24/03/2019,Kolkata,Banglore,CCU → BOM → BLR,13:55,23:25,9h 30m,1 stop,In-flight meal not included,11134
Jet Airways,6/06/2019,Delhi,Cochin,DEL → JDH → BOM → COK,11:40,19:00,7h 20m,2 stops,No info,18804
Air India,1/05/2019,Kolkata,Banglore,CCU → IXR → DEL → BLR,05:50,12:30 02 May,30h 40m,2 stops,No info,12723
Multiple carriers,3/03/2019,Delhi,Cochin,DEL → HYD → COK,07:10,22:20,15h 10m,1 stop,In-flight meal not included,11125
IndiGo,24/03/2019,Kolkata,Banglore,CCU → BLR,09:35,12:20,2h 45m,non-stop,No info,6038
Jet Airways,12/03/2019,Banglore,New Delhi,BLR → BOM → DEL,18:55,10:25 13 Mar,15h 30m,1 stop,In-flight meal not included,11087
Jet Airways,12/03/2019,Banglore,New Delhi,BLR → BOM → DEL,20:35,21:20 13 Mar,24h 45m,1 stop,In-flight meal not included,11087
Air India,15/05/2019,Delhi,Cochin,DEL → MAA → COK,09:45,09:25 16 May,23h 40m,1 stop,No info,7480
Multiple carriers,18/05/2019,Delhi,Cochin,DEL → BOM → COK,10:20,01:30 19 May,15h 10m,1 stop,No info,7670
Jet Airways,21/03/2019,Delhi,Cochin,DEL → BDQ → BOM → COK,10:45,04:25 22 Mar,17h 40m,2 stops,No info,11093
IndiGo,21/06/2019,Banglore,Delhi,BLR → DEL,22:10,01:00 22 Jun,2h 50m,non-stop,No info,3943
Air India,15/05/2019,Kolkata,Banglore,CCU → DEL → COK → BLR,20:30,13:45 16 May,17h 15m,2 stops,No info,16057
Multiple carriers,27/05/2019,Delhi,Cochin,DEL → BOM → COK,09:15,19:15,10h,1 stop,No info,9149
Jet Airways,6/03/2019,Delhi,Cochin,DEL → BOM → COK,02:15,04:25 07 Mar,26h 10m,1 stop,No info,17024
SpiceJet,3/05/2019,Kolkata,Banglore,CCU → BLR,06:55,09:30,2h 35m,non-stop,No info,3873
Air India,9/05/2019,Mumbai,Hyderabad,BOM → HYD,19:30,20:45,1h 15m,non-stop,No info,3100
Air Asia,24/04/2019,Banglore,Delhi,BLR → DEL,11:10,13:55,2h 45m,non-stop,No info,3383
Jet Airways,3/06/2019,Delhi,Cochin,DEL → BOM → COK,09:00,19:00,10h,1 stop,No info,14714
Jet Airways,9/06/2019,Kolkata,Banglore,CCU → BOM → BLR,08:25,19:50,11h 25m,1 stop,In-flight meal not included,10844
IndiGo,6/05/2019,Banglore,Delhi,BLR → DEL,07:10,10:05,2h 55m,non-stop,No info,4823
Air India,9/06/2019,Kolkata,Banglore,CCU → IXR → DEL → BLR,05:50,23:15,17h 25m,2 stops,No info,12723
IndiGo,6/06/2019,Banglore,Delhi,BLR → DEL,18:55,21:50,2h 55m,non-stop,No info,4990
Multiple carriers,24/06/2019,Delhi,Cochin,DEL → BOM → COK,07:30,19:15,11h 45m,1 stop,No info,9001
Air Asia,15/04/2019,Banglore,Delhi,BLR → DEL,23:55,02:45 16 Apr,2h 50m,non-stop,No info,4483
IndiGo,9/04/2019,Delhi,Cochin,DEL → BOM → COK,11:25,01:30 10 Apr,14h 5m,1 stop,No info,6270
Vistara,6/06/2019,Kolkata,Banglore,CCU → DEL → BLR,07:10,10:45 07 Jun,27h 35m,1 stop,No info,9187
Jet Airways,21/05/2019,Delhi,Cochin,DEL → BOM → COK,19:15,12:35 22 May,17h 20m,1 stop,In-flight meal not included,12898
Vistara,15/05/2019,Kolkata,Banglore,CCU → DEL → BLR,07:10,10:45 16 May,27h 35m,1 stop,No info,8452
IndiGo,9/03/2019,Delhi,Cochin,DEL → COK,05:35,08:50,3h 15m,non-stop,No info,6885
Jet Airways,6/06/2019,Delhi,Cochin,DEL → JAI → BOM → COK,05:30,19:00,13h 30m,2 stops,In-flight meal not included,10368
Air India,1/05/2019,Kolkata,Banglore,CCU → IXR → DEL → BLR,05:50,16:15 02 May,34h 25m,2 stops,No info,10991
Jet Airways,01/03/2019,Banglore,New Delhi,BLR → BOM → DEL,08:00,05:05 02 Mar,21h 5m,1 stop,No info,22270
IndiGo,9/03/2019,Kolkata,Banglore,CCU → BLR,10:10,12:55,2h 45m,non-stop,No info,4462
Jet Airways,18/05/2019,Kolkata,Banglore,CCU → BOM → BLR,21:10,09:20 19 May,12h 10m,1 stop,No info,14388
Multiple carriers,1/06/2019,Delhi,Cochin,DEL → BOM → COK,11:40,19:00,7h 20m,1 stop,No info,12524
Jet Airways,21/05/2019,Kolkata,Banglore,CCU → BOM → BLR,14:05,08:15 22 May,18h 10m,1 stop,No info,14388
IndiGo,9/06/2019,Delhi,Cochin,DEL → BOM → COK,17:10,01:30 10 Jun,8h 20m,1 stop,No info,6206
IndiGo,21/03/2019,Delhi,Cochin,DEL → HYD → COK,07:35,12:00,4h 25m,1 stop,No info,5073
IndiGo,18/05/2019,Banglore,Delhi,BLR → DEL,10:30,13:20,2h 50m,non-stop,No info,3943
IndiGo,27/05/2019,Delhi,Cochin,DEL → BOM → COK,08:30,21:00,12h 30m,1 stop,No info,6838
Multiple carriers,3/03/2019,Delhi,Cochin,DEL → BOM → COK,10:20,01:35 04 Mar,15h 15m,1 stop,No info,15147
Jet Airways,24/03/2019,Kolkata,Banglore,CCU → BOM → BLR,06:30,04:45 25 Mar,22h 15m,1 stop,No info,13759
Jet Airways,9/06/2019,Delhi,Cochin,DEL → BDQ → BOM → COK,18:25,12:35 10 Jun,18h 10m,2 stops,No info,14237
Vistara,18/03/2019,Banglore,New Delhi,BLR → DEL,16:00,18:35,2h 35m,non-stop,No info,11913
Jet Airways,12/03/2019,Banglore,New Delhi,BLR → BOM → DEL,22:55,11:25 13 Mar,12h 30m,1 stop,In-flight meal not included,11087
Jet Airways,01/03/2019,Banglore,New Delhi,BLR → BOM → DEL,07:00,13:15,6h 15m,1 stop,No info,26890
IndiGo,21/05/2019,Mumbai,Hyderabad,BOM → HYD,12:00,13:30,1h 30m,non-stop,No info,2754
Jet Airways,1/04/2019,Kolkata,Banglore,CCU → BOM → BLR,20:00,20:45 02 Apr,24h 45m,1 stop,In-flight meal not included,7064
Jet Airways,01/03/2019,Banglore,New Delhi,BLR → BOM → DEL,11:40,10:25 02 Mar,22h 45m,1 stop,No info,25735
SpiceJet,1/03/2019,Kolkata,Banglore,CCU → BLR,06:55,09:35,2h 40m,non-stop,No info,4622
Air India,9/06/2019,Kolkata,Banglore,CCU → MAA → BLR,14:35,14:35 10 Jun,24h,1 stop,No info,6528
IndiGo,6/05/2019,Mumbai,Hyderabad,BOM → HYD,06:25,07:55,1h 30m,non-stop,No info,4049
Jet Airways,3/06/2019,Delhi,Cochin,DEL → BOM → COK,17:30,12:35 04 Jun,19h 5m,1 stop,No info,14714
Jet Airways,9/05/2019,Banglore,Delhi,BLR → DEL,19:50,22:50,3h,non-stop,In-flight meal not included,3502
Air India,3/03/2019,Delhi,Cochin,DEL → HYD → BOM → COK,21:30,19:15 04 Mar,21h 45m,2 stops,No info,12287
Vistara,9/04/2019,Banglore,Delhi,BLR → DEL,21:00,23:50,2h 50m,non-stop,No info,5403
Multiple carriers,1/05/2019,Delhi,Cochin,DEL → BOM → COK,09:00,19:15,10h 15m,1 stop,No info,15373
IndiGo,21/03/2019,Delhi,Cochin,DEL → BBI → COK,02:35,08:30,5h 55m,1 stop,No info,8470
IndiGo,27/05/2019,Kolkata,Banglore,CCU → BLR,17:15,19:50,2h 35m,non-stop,No info,4804
GoAir,21/06/2019,Banglore,Delhi,BLR → DEL,20:55,23:40,2h 45m,non-stop,No info,3898
Multiple carriers,3/06/2019,Delhi,Cochin,DEL → BOM → COK,19:00,01:30 04 Jun,6h 30m,1 stop,No info,7198
Jet Airways,6/06/2019,Delhi,Cochin,DEL → BOM → COK,15:00,19:00 07 Jun,28h,1 stop,In-flight meal not included,10262
IndiGo,21/03/2019,Delhi,Cochin,DEL → BOM → COK,16:00,01:35 22 Mar,9h 35m,1 stop,No info,9264
Air India,27/06/2019,Delhi,Cochin,DEL → COK,18:05,21:10,3h 5m,non-stop,No info,5201
Jet Airways,27/04/2019,Banglore,Delhi,BLR → DEL,18:55,22:00,3h 5m,non-stop,In-flight meal not included,4544
Air India,12/05/2019,Mumbai,Hyderabad,BOM → HYD,06:20,07:40,1h 20m,non-stop,No info,3100
Jet Airways,6/06/2019,Banglore,Delhi,BLR → DEL,07:10,10:10,3h,non-stop,In-flight meal not included,6478
Air India,12/03/2019,Banglore,New Delhi,BLR → BOM → DEL,06:45,20:35,13h 50m,1 stop,No info,12127
IndiGo,27/03/2019,Delhi,Cochin,DEL → BOM → COK,04:45,13:20,8h 35m,1 stop,No info,7048
Jet Airways,3/06/2019,Delhi,Cochin,DEL → BOM → COK,08:00,19:00,11h,1 stop,In-flight meal not included,10577
Jet Airways,9/06/2019,Kolkata,Banglore,CCU → BOM → BLR,14:05,19:50,5h 45m,1 stop,No info,14571
Jet Airways,18/03/2019,Banglore,New Delhi,BLR → BOM → DEL,05:45,10:25,4h 40m,1 stop,No info,12284
Air India,6/05/2019,Kolkata,Banglore,CCU → HYD → BLR,19:00,09:50 07 May,14h 50m,1 stop,No info,6117
Air Asia,27/03/2019,Delhi,Cochin,DEL → BLR → COK,07:55,15:45,7h 50m,1 stop,No info,6151
IndiGo,6/06/2019,Chennai,Kolkata,MAA → CCU,05:15,07:40,2h 25m,non-stop,No info,3540
Multiple carriers,9/05/2019,Delhi,Cochin,DEL → BOM → COK,12:50,01:30 10 May,12h 40m,1 stop,No info,34273
Jet Airways,1/04/2019,Kolkata,Banglore,CCU → BOM → BLR,18:55,09:20 02 Apr,14h 25m,1 stop,In-flight meal not included,7064
IndiGo,9/05/2019,Delhi,Cochin,DEL → BOM → COK,15:00,01:30 10 May,10h 30m,1 stop,No info,8330
IndiGo,21/05/2019,Delhi,Cochin,DEL → COK,05:35,08:50,3h 15m,non-stop,No info,5601
Air India,6/03/2019,Mumbai,Hyderabad,BOM → GOI → PNQ → HYD,16:50,16:55,5m,2 stops,No info,17327
Jet Airways,24/06/2019,Delhi,Cochin,DEL → JDH → BOM → COK,11:40,19:00,7h 20m,2 stops,In-flight meal not included,15812
Jet Airways,27/06/2019,Delhi,Cochin,DEL → BOM → COK,22:50,04:25 28 Jun,5h 35m,1 stop,No info,16079
Multiple carriers,27/05/2019,Delhi,Cochin,DEL → BOM → COK,11:30,21:00,9h 30m,1 stop,In-flight meal not included,6943
Air India,6/03/2019,Delhi,Cochin,DEL → BLR → COK,20:30,23:00 07 Mar,26h 30m,1 stop,No info,8854
Air India,21/05/2019,Kolkata,Banglore,CCU → JAI → BOM → BLR,08:20,07:55 22 May,23h 35m,2 stops,No info,11222
SpiceJet,27/03/2019,Kolkata,Banglore,CCU → BLR,06:55,09:35,2h 40m,non-stop,No info,3847
Jet Airways,6/05/2019,Kolkata,Banglore,CCU → DEL → BLR,09:35,09:45 07 May,24h 10m,1 stop,In-flight meal not included,8066
Air Asia,12/06/2019,Kolkata,Banglore,CCU → BBI → BLR,06:50,10:30,3h 40m,1 stop,No info,5162
Multiple carriers,21/05/2019,Delhi,Cochin,DEL → BOM → COK,11:40,19:15,7h 35m,1 stop,No info,8266
Air India,1/05/2019,Kolkata,Banglore,CCU → DEL → COK → BLR,10:00,13:45 02 May,27h 45m,2 stops,No info,15164
IndiGo,9/05/2019,Kolkata,Banglore,CCU → BLR,09:35,12:20,2h 45m,non-stop,No info,4804
Jet Airways,24/06/2019,Delhi,Cochin,DEL → BOM → COK,14:00,04:25 25 Jun,14h 25m,1 stop,In-flight meal not included,10262
Multiple carriers,27/06/2019,Delhi,Cochin,DEL → HYD → COK,09:45,22:30,12h 45m,1 stop,No info,9646
Jet Airways,21/05/2019,Delhi,Cochin,DEL → BOM → COK,18:15,19:00 22 May,24h 45m,1 stop,No info,16079
Jet Airways,27/05/2019,Delhi,Cochin,DEL → BOM → COK,09:00,04:25 28 May,19h 25m,1 stop,In-flight meal not included,12898
Vistara,1/04/2019,Kolkata,Banglore,CCU → DEL → BLR,07:10,10:45 02 Apr,27h 35m,1 stop,No info,8505
Multiple carriers,12/06/2019,Delhi,Cochin,DEL → HYD → COK,07:10,16:10,9h,1 stop,No info,6513
IndiGo,1/06/2019,Banglore,Delhi,BLR → DEL,10:10,13:00,2h 50m,non-stop,No info,3943
Multiple carriers,24/06/2019,Delhi,Cochin,DEL → BOM → COK,14:00,01:30 25 Jun,11h 30m,1 stop,No info,13377
Multiple carriers,12/06/2019,Delhi,Cochin,DEL → BOM → COK,19:00,01:30 13 Jun,6h 30m,1 stop,No info,6795
Multiple carriers,6/03/2019,Delhi,Cochin,DEL → BOM → COK,07:00,21:00,14h,1 stop,No info,15603
Jet Airways,18/03/2019,Banglore,New Delhi,BLR → BOM → DEL,11:40,18:25,6h 45m,1 stop,No info,12284
Multiple carriers,15/05/2019,Delhi,Cochin,DEL → BOM → COK,18:15,01:30 16 May,7h 15m,1 stop,No info,13727
Jet Airways,6/05/2019,Kolkata,Banglore,CCU → BOM → BLR,06:30,20:45,14h 15m,1 stop,In-flight meal not included,9663
Air India,6/06/2019,Kolkata,Banglore,CCU → BLR,20:45,23:20,2h 35m,non-stop,No info,4145
Jet Airways,9/03/2019,Delhi,Cochin,DEL → BOM → COK,06:50,19:45,12h 55m,1 stop,No info,16289
Jet Airways,12/06/2019,Delhi,Cochin,DEL → ATQ → BOM → COK,18:20,19:00 13 Jun,24h 40m,2 stops,No info,14300
IndiGo,3/03/2019,Kolkata,Banglore,CCU → BLR,05:30,08:20,2h 50m,non-stop,No info,4778
Air India,21/03/2019,Banglore,New Delhi,BLR → MAA → DEL,11:50,19:50,8h,1 stop,No info,5932
SpiceJet,21/05/2019,Delhi,Cochin,DEL → PNQ → COK,08:45,13:15,4h 30m,1 stop,No check-in baggage included,5158
IndiGo,18/05/2019,Delhi,Cochin,DEL → BOM → COK,11:25,21:00,9h 35m,1 stop,No info,7191
Jet Airways,18/05/2019,Kolkata,Banglore,CCU → BOM → BLR,08:25,19:50,11h 25m,1 stop,In-flight meal not included,10844
SpiceJet,24/06/2019,Mumbai,Hyderabad,BOM → HYD,22:45,00:15 25 Jun,1h 30m,non-stop,No check-in baggage included,1965
IndiGo,3/04/2019,Kolkata,Banglore,CCU → BLR,04:40,07:15,2h 35m,non-stop,No info,4174
Multiple carriers,21/05/2019,Delhi,Cochin,DEL → BOM → COK,09:00,19:00,10h,1 stop,No info,10197
Jet Airways,1/04/2019,Kolkata,Banglore,CCU → BOM → BLR,14:05,20:45,6h 40m,1 stop,No info,13364
Air India,27/05/2019,Delhi,Cochin,DEL → BOM → COK,13:00,19:15,6h 15m,1 stop,No info,9719
Jet Airways,06/03/2019,Banglore,New Delhi,BLR → BOM → DEL,05:45,23:00,17h 15m,1 stop,No info,16736
Multiple carriers,15/05/2019,Delhi,Cochin,DEL → BOM → COK,10:20,19:15,8h 55m,1 stop,No info,8266
Air India,1/06/2019,Delhi,Cochin,DEL → COK,05:10,08:00,2h 50m,non-stop,No info,6094
Multiple carriers,6/05/2019,Delhi,Cochin,DEL → BOM → COK,10:20,19:00,8h 40m,1 stop,No info,9794
IndiGo,27/03/2019,Chennai,Kolkata,MAA → CCU,11:35,14:00,2h 25m,non-stop,No info,3858
Jet Airways,6/05/2019,Banglore,Delhi,BLR → DEL,17:45,20:45,3h,non-stop,No info,7229
IndiGo,24/04/2019,Delhi,Cochin,DEL → HYD → COK,05:05,12:10,7h 5m,1 stop,No info,6171
IndiGo,15/03/2019,Mumbai,Hyderabad,BOM → HYD,09:10,10:40,1h 30m,non-stop,No info,4049
Jet Airways,27/06/2019,Delhi,Cochin,DEL → COK,11:00,14:15,3h 15m,non-stop,In-flight meal not included,7202
Multiple carriers,15/05/2019,Delhi,Cochin,DEL → BOM → COK,08:00,19:00,11h,1 stop,No info,10197
Air India,9/03/2019,Delhi,Cochin,DEL → HYD → MAA → COK,09:45,09:25 10 Mar,23h 40m,2 stops,No info,10660
IndiGo,24/05/2019,Mumbai,Hyderabad,BOM → HYD,09:10,10:40,1h 30m,non-stop,No info,5755
Vistara,6/06/2019,Kolkata,Banglore,CCU → DEL → BLR,17:00,10:45 07 Jun,17h 45m,1 stop,No info,9187
Multiple carriers,21/05/2019,Delhi,Cochin,DEL → BOM → COK,11:25,19:00,7h 35m,1 stop,No info,9103
IndiGo,09/03/2019,Banglore,New Delhi,BLR → DEL,20:00,22:55,2h 55m,non-stop,No info,6144
GoAir,1/04/2019,Kolkata,Banglore,CCU → AMD → BLR,16:40,00:15 02 Apr,7h 35m,1 stop,No info,5171
Jet Airways,9/06/2019,Delhi,Cochin,DEL → NAG → BOM → COK,06:45,04:25 10 Jun,21h 40m,2 stops,No info,13376
Jet Airways,3/04/2019,Mumbai,Hyderabad,BOM → HYD,07:05,08:30,1h 25m,non-stop,In-flight meal not included,4160
Jet Airways,21/05/2019,Kolkata,Banglore,CCU → DEL → BLR,20:25,19:10 22 May,22h 45m,1 stop,No info,13067
Multiple carriers,27/05/2019,Delhi,Cochin,DEL → BOM → COK,13:00,01:30 28 May,12h 30m,1 stop,No info,7198
Air India,9/05/2019,Kolkata,Banglore,CCU → BBI → BLR,12:00,13:15 10 May,25h 15m,1 stop,No info,6612
IndiGo,24/06/2019,Delhi,Cochin,DEL → BOM → COK,09:15,01:30 25 Jun,16h 15m,1 stop,No info,6628
Air India,27/05/2019,Kolkata,Banglore,CCU → BLR,14:15,16:45,2h 30m,non-stop,No info,5510
GoAir,1/04/2019,Banglore,Delhi,BLR → DEL,07:45,10:40,2h 55m,non-stop,No info,4239
Multiple carriers,1/06/2019,Delhi,Cochin,DEL → BOM → COK,06:40,19:15,12h 35m,1 stop,No info,8937
Jet Airways,9/06/2019,Delhi,Cochin,DEL → BOM → COK,08:00,04:25 10 Jun,20h 25m,1 stop,In-flight meal not included,10262
SpiceJet,27/06/2019,Mumbai,Hyderabad,BOM → HYD,13:15,14:45,1h 30m,non-stop,No check-in baggage included,1965
Jet Airways,27/03/2019,Delhi,Cochin,DEL → MAA → BOM → COK,05:10,19:45 28 Mar,38h 35m,2 stops,In-flight meal not included,8098
IndiGo,18/05/2019,Banglore,Delhi,BLR → DEL,13:00,15:50,2h 50m,non-stop,No info,4423
Air India,21/06/2019,Banglore,Delhi,BLR → DEL,10:00,12:45,2h 45m,non-stop,No info,6961
IndiGo,12/06/2019,Mumbai,Hyderabad,BOM → HYD,20:05,21:40,1h 35m,non-stop,No info,2227
Air India,9/05/2019,Delhi,Cochin,DEL → BHO → BOM → COK,05:55,19:15,13h 20m,2 stops,No info,10861
Multiple carriers,9/06/2019,Delhi,Cochin,DEL → BOM → COK,14:00,21:00,7h,1 stop,No info,13587
Air India,9/05/2019,Kolkata,Banglore,CCU → BOM → BLR,09:25,18:30,9h 5m,1 stop,No info,8891
Air India,27/03/2019,Delhi,Cochin,DEL → AMD → BOM → COK,05:00,19:15 28 Mar,38h 15m,2 stops,No info,8026
Multiple carriers,21/03/2019,Delhi,Cochin,DEL → BOM → COK,09:00,21:00,12h,1 stop,No info,6883
Jet Airways,3/04/2019,Banglore,Delhi,BLR → DEL,18:55,22:00,3h 5m,non-stop,In-flight meal not included,4544
Jet Airways,15/06/2019,Delhi,Cochin,DEL → IDR → BOM → COK,09:35,12:35 16 Jun,27h,2 stops,No info,13292
Jet Airways,21/05/2019,Delhi,Cochin,DEL → JAI → BOM → COK,09:40,04:25 22 May,18h 45m,2 stops,In-flight meal not included,13029
SpiceJet,24/03/2019,Chennai,Kolkata,MAA → CCU,17:45,20:05,2h 20m,non-stop,No info,5418
Jet Airways,24/05/2019,Kolkata,Banglore,CCU → BOM → BLR,08:25,19:50,11h 25m,1 stop,In-flight meal not included,10844
Jet Airways,24/03/2019,Kolkata,Banglore,CCU → BOM → BLR,13:55,10:05 25 Mar,20h 10m,1 stop,No info,14231
Jet Airways,6/05/2019,Kolkata,Banglore,CCU → DEL → BLR,17:00,22:05 07 May,29h 5m,1 stop,No info,11467
Jet Airways,18/05/2019,Delhi,Cochin,DEL → AMD → BOM → COK,23:05,04:25 20 May,29h 20m,2 stops,No info,15129
IndiGo,1/04/2019,Kolkata,Banglore,CCU → BLR,14:25,16:55,2h 30m,non-stop,No info,4174
Multiple carriers,9/03/2019,Delhi,Cochin,DEL → BOM → COK,06:00,21:00,15h,1 stop,No info,13677
IndiGo,12/05/2019,Chennai,Kolkata,MAA → CCU,11:35,14:00,2h 25m,non-stop,No info,4332
Vistara,24/03/2019,Kolkata,Banglore,CCU → DEL → BLR,20:20,22:10 25 Mar,25h 50m,1 stop,No info,11105
SpiceJet,12/05/2019,Banglore,Delhi,BLR → DEL,05:55,08:35,2h 40m,non-stop,No info,3311
Jet Airways,1/05/2019,Kolkata,Banglore,CCU → DEL → BLR,20:25,23:35 02 May,27h 10m,1 stop,No info,11467
IndiGo,9/05/2019,Chennai,Kolkata,MAA → CCU,07:55,10:15,2h 20m,non-stop,No info,3850
Air India,15/06/2019,Delhi,Cochin,DEL → AMD → BOM → COK,19:45,19:15 16 Jun,23h 30m,2 stops,No info,9653
Air India,3/03/2019,Delhi,Cochin,DEL → AMD → BOM → COK,05:00,19:15 04 Mar,38h 15m,2 stops,No info,10283
Multiple carriers,27/06/2019,Delhi,Cochin,DEL → BOM → COK,08:00,19:00,11h,1 stop,No info,12192
IndiGo,18/05/2019,Delhi,Cochin,DEL → HYD → COK,05:05,12:10,7h 5m,1 stop,No info,7520
Multiple carriers,15/06/2019,Delhi,Cochin,DEL → BOM → COK,13:00,19:15,6h 15m,1 stop,No info,16108
Jet Airways,9/03/2019,Mumbai,Hyderabad,BOM → HYD,06:30,08:00,1h 30m,non-stop,In-flight meal not included,4995
Jet Airways,6/05/2019,Kolkata,Banglore,CCU → BOM → BLR,21:10,09:20 07 May,12h 10m,1 stop,In-flight meal not included,9663
Air Asia,27/05/2019,Delhi,Cochin,DEL → BLR → COK,07:55,22:25,14h 30m,1 stop,No info,6152
Jet Airways,6/06/2019,Delhi,Cochin,DEL → BOM → COK,02:15,19:00,16h 45m,1 stop,In-flight meal not included,10262
Multiple carriers,9/05/2019,Delhi,Cochin,DEL → BOM → COK,07:30,19:00,11h 30m,1 stop,No info,9794
Jet Airways,21/05/2019,Mumbai,Hyderabad,BOM → HYD,10:20,11:50,1h 30m,non-stop,No info,8040
Multiple carriers,15/05/2019,Delhi,Cochin,DEL → BOM → COK,12:50,21:00,8h 10m,1 stop,No info,7670
Jet Airways,21/03/2019,Delhi,Cochin,DEL → BOM → COK,09:00,18:50,9h 50m,1 stop,In-flight meal not included,7438
SpiceJet,1/06/2019,Kolkata,Banglore,CCU → BLR,06:55,09:30,2h 35m,non-stop,No check-in baggage included,3841
Air India,9/06/2019,Delhi,Cochin,DEL → HYD → BOM → COK,17:15,19:15 10 Jun,26h,2 stops,No info,12199
IndiGo,21/03/2019,Delhi,Cochin,DEL → BOM → COK,07:30,13:20,5h 50m,1 stop,No info,9861
IndiGo,21/05/2019,Delhi,Cochin,DEL → HYD → COK,16:10,00:55 22 May,8h 45m,1 stop,No info,6778
IndiGo,18/05/2019,Delhi,Cochin,DEL → HYD → COK,08:35,16:10,7h 35m,1 stop,No info,6442
Jet Airways,21/03/2019,Banglore,New Delhi,BLR → DEL,19:55,22:35,2h 40m,non-stop,No info,7229
SpiceJet,24/03/2019,Kolkata,Banglore,CCU → KNU → BLR,11:35,18:50,7h 15m,1 stop,No info,9923
Jet Airways,12/06/2019,Delhi,Cochin,DEL → BOM → COK,20:55,04:25 13 Jun,7h 30m,1 stop,In-flight meal not included,10262
Air India,6/06/2019,Delhi,Cochin,DEL → JAI → BOM → COK,12:00,19:15,7h 15m,2 stops,No info,8603
IndiGo,9/05/2019,Mumbai,Hyderabad,BOM → HYD,12:00,13:30,1h 30m,non-stop,No info,4392
IndiGo,24/03/2019,Banglore,New Delhi,BLR → DEL,10:10,13:00,2h 50m,non-stop,No info,4777
Multiple carriers,3/03/2019,Delhi,Cochin,DEL → BOM → COK,08:00,18:50,10h 50m,1 stop,No info,15342
Air India,3/03/2019,Delhi,Cochin,DEL → MAA → COK,12:30,09:25 04 Mar,20h 55m,1 stop,No info,16142
Jet Airways,9/05/2019,Kolkata,Banglore,CCU → BOM → BLR,14:05,18:15 10 May,28h 10m,1 stop,No info,13584
Jet Airways,6/05/2019,Kolkata,Banglore,CCU → BOM → BLR,14:05,12:00 07 May,21h 55m,1 stop,In-flight meal not included,9663
Jet Airways,9/05/2019,Kolkata,Banglore,CCU → BOM → BLR,16:30,10:05 10 May,17h 35m,1 stop,In-flight meal not included,8586
Jet Airways,18/03/2019,Banglore,New Delhi,BLR → BOM → DEL,16:55,05:05 16 Mar,12h 10m,1 stop,In-flight meal not included,11087
Air Asia,18/03/2019,Banglore,New Delhi,BLR → DEL,05:50,08:40,2h 50m,non-stop,No info,4284
Multiple carriers,9/06/2019,Delhi,Cochin,DEL → BOM → COK,09:15,19:00,9h 45m,1 stop,No info,11622
Vistara,6/03/2019,Mumbai,Hyderabad,BOM → DEL → HYD,07:30,09:25 07 Mar,25h 55m,1 stop,No info,12395
IndiGo,24/04/2019,Kolkata,Banglore,CCU → BLR,17:15,19:50,2h 35m,non-stop,No info,4804
Air India,27/03/2019,Mumbai,Hyderabad,BOM → HYD,06:20,07:40,1h 20m,non-stop,No info,2575
SpiceJet,15/04/2019,Banglore,Delhi,BLR → DEL,09:30,12:20,2h 50m,non-stop,No info,4423
SpiceJet,21/06/2019,Mumbai,Hyderabad,BOM → HYD,13:15,14:45,1h 30m,non-stop,No check-in baggage included,1965
Air India,12/06/2019,Delhi,Cochin,DEL → MAA → COK,09:45,09:25 13 Jun,23h 40m,1 stop,No info,7480
SpiceJet,6/06/2019,Mumbai,Hyderabad,BOM → HYD,05:45,07:15,1h 30m,non-stop,No check-in baggage included,2647
IndiGo,9/04/2019,Delhi,Cochin,DEL → BOM → COK,10:35,01:30 10 Apr,14h 55m,1 stop,No info,6270
Jet Airways,24/05/2019,Kolkata,Banglore,CCU → DEL → BLR,09:35,14:25 25 May,28h 50m,1 stop,No info,12121
Jet Airways,18/05/2019,Kolkata,Banglore,CCU → BOM → BLR,20:00,19:50 19 May,23h 50m,1 stop,In-flight meal not included,10844
Vistara,12/05/2019,Delhi,Cochin,DEL → COK,14:40,17:50,3h 10m,non-stop,No info,6216
IndiGo,27/03/2019,Delhi,Cochin,DEL → BOM → COK,15:00,01:35 28 Mar,10h 35m,1 stop,No info,8075
SpiceJet,6/06/2019,Chennai,Kolkata,MAA → CCU,08:20,10:35,2h 15m,non-stop,No check-in baggage included,3543
Jet Airways,27/06/2019,Delhi,Cochin,DEL → BOM → COK,21:50,12:35 28 Jun,14h 45m,1 stop,In-flight meal not included,10262
Jet Airways,15/05/2019,Kolkata,Banglore,CCU → BOM → BLR,16:30,04:40 16 May,12h 10m,1 stop,No info,14781
Multiple carriers,18/05/2019,Delhi,Cochin,DEL → BOM → COK,14:00,21:00,7h,1 stop,No info,13727
Air India,12/06/2019,Banglore,Delhi,BLR → DEL,06:10,08:55,2h 45m,non-stop,No info,6961
Jet Airways,15/06/2019,Delhi,Cochin,DEL → JAI → BOM → COK,09:40,04:25 16 Jun,18h 45m,2 stops,No info,13014
Jet Airways,27/06/2019,Delhi,Cochin,DEL → BHO → BOM → COK,05:30,12:35,7h 5m,2 stops,In-flight meal not included,13344
Jet Airways,9/06/2019,Mumbai,Hyderabad,BOM → HYD,02:55,04:20,1h 25m,non-stop,In-flight meal not included,4050
Jet Airways,9/06/2019,Delhi,Cochin,DEL → JAI → BOM → COK,09:40,12:35 10 Jun,26h 55m,2 stops,No info,13014
SpiceJet,24/03/2019,Banglore,New Delhi,BLR → DEL,09:35,12:30,2h 55m,non-stop,No info,3925
Air India,24/06/2019,Delhi,Cochin,DEL → CCU → BOM → COK,20:15,19:15 25 Jun,23h,2 stops,No info,13381
Jet Airways,1/05/2019,Mumbai,Hyderabad,BOM → HYD,02:55,04:20,1h 25m,non-stop,No info,5678
Jet Airways,21/05/2019,Banglore,Delhi,BLR → DEL,17:45,20:45,3h,non-stop,In-flight meal not included,4030
Multiple carriers,15/05/2019,Delhi,Cochin,DEL → IDR → BOM → COK,15:05,01:30 16 May,10h 25m,2 stops,No info,16840
IndiGo,9/06/2019,Kolkata,Banglore,CCU → BLR,22:15,00:50 10 Jun,2h 35m,non-stop,No info,5224
Jet Airways,24/06/2019,Delhi,Cochin,DEL → IDR → BOM → COK,09:35,12:35 25 Jun,27h,2 stops,No info,12609
Jet Airways,15/05/2019,Kolkata,Banglore,CCU → BOM → BLR,21:10,10:05 16 May,12h 55m,1 stop,No info,15149
Jet Airways,24/06/2019,Mumbai,Hyderabad,BOM → HYD,19:35,21:05,1h 30m,non-stop,No info,5678
Air Asia,9/06/2019,Kolkata,Banglore,CCU → DEL → BLR,22:40,10:40 10 Jun,12h,1 stop,No info,11323
Jet Airways,12/06/2019,Kolkata,Banglore,CCU → BOM → BLR,18:55,08:15 13 Jun,13h 20m,1 stop,No info,13044
IndiGo,9/03/2019,Delhi,Cochin,DEL → BBI → COK,02:35,08:30,5h 55m,1 stop,No info,11532
IndiGo,15/05/2019,Delhi,Cochin,DEL → HYD → COK,06:50,22:30,15h 40m,1 stop,No info,6442
Vistara,21/05/2019,Banglore,Delhi,BLR → DEL,17:00,19:35,2h 35m,non-stop,No info,4878
Jet Airways,15/06/2019,Delhi,Cochin,DEL → BOM → COK,13:00,04:25 16 Jun,15h 25m,1 stop,In-flight meal not included,10262
Vistara,21/05/2019,Delhi,Cochin,DEL → COK,06:00,09:10,3h 10m,non-stop,No info,6741
Jet Airways,9/05/2019,Kolkata,Banglore,CCU → BOM → BLR,06:30,16:20,9h 50m,1 stop,No info,13941
Air Asia,3/06/2019,Banglore,Delhi,BLR → DEL,23:55,02:45 04 Jun,2h 50m,non-stop,No info,7120
Jet Airways,3/03/2019,Mumbai,Hyderabad,BOM → HYD,02:55,04:25,1h 30m,non-stop,No info,5678
Air India,21/03/2019,Delhi,Cochin,DEL → BOM → COK,23:00,19:15 22 Mar,20h 15m,1 stop,No info,6745
Jet Airways,3/06/2019,Delhi,Cochin,DEL → IDR → BOM → COK,21:25,19:00 04 Jun,21h 35m,2 stops,In-flight meal not included,11507
Jet Airways,21/05/2019,Delhi,Cochin,DEL → BOM → COK,19:15,04:25 22 May,9h 10m,1 stop,No info,16079
Air India,9/06/2019,Delhi,Cochin,DEL → JDH → BOM → COK,12:55,19:15 10 Jun,30h 20m,2 stops,No info,12436
IndiGo,9/06/2019,Kolkata,Banglore,CCU → BLR,17:15,19:50,2h 35m,non-stop,No info,4804
Air India,24/03/2019,Mumbai,Hyderabad,BOM → HYD,21:05,22:25,1h 20m,non-stop,No info,2575
SpiceJet,24/05/2019,Mumbai,Hyderabad,BOM → HYD,22:45,00:15 25 May,1h 30m,non-stop,No check-in baggage included,1965
Jet Airways,12/03/2019,Mumbai,Hyderabad,BOM → DEL → HYD,03:00,16:35,13h 35m,1 stop,No info,22294
Jet Airways,9/06/2019,Kolkata,Banglore,CCU → BOM → BLR,06:30,16:20,9h 50m,1 stop,In-flight meal not included,10844
IndiGo,9/05/2019,Delhi,Cochin,DEL → BOM → COK,17:30,01:30 10 May,8h,1 stop,No info,8330
Jet Airways,21/05/2019,Delhi,Cochin,DEL → BOM → COK,21:50,12:35 22 May,14h 45m,1 stop,In-flight meal not included,12898
Jet Airways,21/05/2019,Kolkata,Banglore,CCU → BOM → BLR,18:55,16:20 22 May,21h 25m,1 stop,In-flight meal not included,10844
IndiGo,3/04/2019,Delhi,Cochin,DEL → HYD → COK,07:35,12:10,4h 35m,1 stop,No info,5073
SpiceJet,18/06/2019,Chennai,Kolkata,MAA → CCU,09:45,12:00,2h 15m,non-stop,No check-in baggage included,3543
Air India,1/05/2019,Kolkata,Banglore,CCU → DEL → BLR,10:00,20:25,10h 25m,1 stop,No info,10203
Jet Airways,1/06/2019,Delhi,Cochin,DEL → JAI → BOM → COK,09:40,12:35 02 Jun,26h 55m,2 stops,In-flight meal not included,10368
Jet Airways,1/04/2019,Kolkata,Banglore,CCU → BOM → BLR,18:55,19:50 02 Apr,24h 55m,1 stop,In-flight meal not included,7064
Jet Airways,21/05/2019,Delhi,Cochin,DEL → BOM → COK,11:30,19:00,7h 30m,1 stop,In-flight meal not included,12898
Jet Airways,3/05/2019,Banglore,Delhi,BLR → DEL,11:10,14:05,2h 55m,non-stop,In-flight meal not included,4030
IndiGo,18/05/2019,Mumbai,Hyderabad,BOM → HYD,20:05,21:40,1h 35m,non-stop,No info,2227
SpiceJet,15/04/2019,Kolkata,Banglore,CCU → MAA → BLR,15:05,20:20,5h 15m,1 stop,No info,4649
IndiGo,24/05/2019,Delhi,Cochin,DEL → HYD → COK,14:20,22:30,8h 10m,1 stop,No info,7640
IndiGo,3/03/2019,Kolkata,Banglore,CCU → BLR,17:15,20:00,2h 45m,non-stop,No info,6985
Multiple carriers,9/03/2019,Delhi,Cochin,DEL → HYD → COK,09:45,16:10,6h 25m,1 stop,No info,8386
Air India,6/04/2019,Delhi,Cochin,DEL → BLR → COK,06:10,23:00,16h 50m,1 stop,No info,5022
IndiGo,15/05/2019,Banglore,Delhi,BLR → DEL,21:15,00:15 16 May,3h,non-stop,No info,3943
IndiGo,9/05/2019,Chennai,Kolkata,MAA → CCU,11:35,14:00,2h 25m,non-stop,No info,4332
Multiple carriers,27/03/2019,Delhi,Cochin,DEL → BOM → COK,09:55,21:00,11h 5m,1 stop,No info,12537
SpiceJet,15/04/2019,Delhi,Cochin,DEL → BLR → COK,17:55,22:50,4h 55m,1 stop,No info,5221
Jet Airways,18/05/2019,Delhi,Cochin,DEL → BOM → COK,19:45,04:25 19 May,8h 40m,1 stop,In-flight meal not included,12373
Multiple carriers,12/06/2019,Delhi,Cochin,DEL → HYD → COK,13:05,22:30,9h 25m,1 stop,No info,9646
IndiGo,21/03/2019,Delhi,Cochin,DEL → BOM → COK,06:40,21:00,14h 20m,1 stop,No info,8784
Air India,21/03/2019,Delhi,Cochin,DEL → BLR → COK,17:45,23:00,5h 15m,1 stop,No info,5704
SpiceJet,18/05/2019,Kolkata,Banglore,CCU → BLR,14:55,17:25,2h 30m,non-stop,No info,4174
Jet Airways,21/05/2019,Kolkata,Banglore,CCU → DEL → BLR,09:35,23:35,14h,1 stop,No info,14151
Multiple carriers,27/05/2019,Delhi,Cochin,DEL → BOM → COK,15:00,01:30 28 May,10h 30m,1 stop,No info,13377
Multiple carriers,12/06/2019,Delhi,Cochin,DEL → BOM → COK,08:50,19:00,10h 10m,1 stop,No info,10877
Jet Airways,21/05/2019,Delhi,Cochin,DEL → BOM → COK,17:30,19:00 22 May,25h 30m,1 stop,In-flight meal not included,12898
Multiple carriers,27/03/2019,Delhi,Cochin,DEL → BOM → COK,07:30,19:15,11h 45m,1 stop,No info,9100
Jet Airways,18/05/2019,Kolkata,Banglore,CCU → BOM → BLR,16:30,04:40 19 May,12h 10m,1 stop,No info,13941
IndiGo,21/03/2019,Banglore,New Delhi,BLR → DEL,07:10,10:05,2h 55m,non-stop,No info,6860
Vistara,12/06/2019,Banglore,Delhi,BLR → DEL,11:30,14:20,2h 50m,non-stop,No info,4668
Jet Airways,24/05/2019,Kolkata,Banglore,CCU → BOM → BLR,14:05,04:40 25 May,14h 35m,1 stop,In-flight meal not included,8586
Air India,6/06/2019,Delhi,Cochin,DEL → GOI → BOM → COK,22:00,19:15 07 Jun,21h 15m,2 stops,No info,10441
Air India,15/03/2019,Banglore,New Delhi,BLR → VGA → DEL,10:30,22:55,12h 25m,1 stop,No info,6383
Multiple carriers,27/03/2019,Delhi,Cochin,DEL → BOM → COK,08:00,15:30,7h 30m,1 stop,No info,12537
Jet Airways,9/05/2019,Delhi,Cochin,DEL → BOM → COK,20:55,04:25 10 May,7h 30m,1 stop,In-flight meal not included,12373
Multiple carriers,27/05/2019,Delhi,Cochin,DEL → BOM → COK,12:50,01:30 28 May,12h 40m,1 stop,No info,6795
Air India,27/05/2019,Delhi,Cochin,DEL → AMD → BOM → COK,16:40,19:15 28 May,26h 35m,2 stops,No info,9968
Multiple carriers,9/06/2019,Delhi,Cochin,DEL → BOM → COK,10:20,21:00,10h 40m,1 stop,No info,7005
Multiple carriers,1/06/2019,Delhi,Cochin,DEL → BOM → COK,18:00,01:30 02 Jun,7h 30m,1 stop,No info,7933
Jet Airways,9/06/2019,Delhi,Cochin,DEL → BOM → COK,17:30,19:00 10 Jun,25h 30m,1 stop,In-flight meal not included,10262
Multiple carriers,24/06/2019,Delhi,Cochin,DEL → BOM → COK,14:00,21:00,7h,1 stop,No info,13587
IndiGo,21/03/2019,Delhi,Cochin,DEL → HYD → COK,04:55,12:00,7h 5m,1 stop,No info,6287
Multiple carriers,21/03/2019,Delhi,Cochin,DEL → BOM → COK,09:00,19:15,10h 15m,1 stop,No info,13378
Vistara,15/05/2019,Kolkata,Banglore,CCU → DEL → BLR,17:00,10:45 16 May,17h 45m,1 stop,No info,8452
Jet Airways,3/06/2019,Delhi,Cochin,DEL → IDR → BOM → COK,21:25,12:35 04 Jun,15h 10m,2 stops,In-flight meal not included,11507
IndiGo,15/06/2019,Delhi,Cochin,DEL → BOM → COK,06:40,21:00,14h 20m,1 stop,No info,6093
Air India,3/03/2019,Delhi,Cochin,DEL → COK,14:10,17:10,3h,non-stop,No info,7931
Jet Airways,12/05/2019,Banglore,Delhi,BLR → DEL,17:45,20:45,3h,non-stop,No info,7229
Air India,24/03/2019,Mumbai,Hyderabad,BOM → HYD,15:00,16:25,1h 25m,non-stop,No info,2050
SpiceJet,27/05/2019,Kolkata,Banglore,CCU → BLR,17:10,19:40,2h 30m,non-stop,No check-in baggage included,3841
Air Asia,21/05/2019,Delhi,Cochin,DEL → BLR → COK,16:45,22:30,5h 45m,1 stop,No info,8028
Jet Airways,6/03/2019,Mumbai,Hyderabad,BOM → BDQ → DEL → HYD,19:50,16:50 07 Mar,21h,2 stops,No info,24210
SpiceJet,12/04/2019,Banglore,Delhi,BLR → DEL,05:55,08:35,2h 40m,non-stop,No info,4423
Air India,15/06/2019,Kolkata,Banglore,CCU → BLR,14:15,16:45,2h 30m,non-stop,No info,5510
Jet Airways,9/05/2019,Kolkata,Banglore,CCU → BOM → BLR,08:25,12:00 10 May,27h 35m,1 stop,In-flight meal not included,9663
Air India,6/05/2019,Kolkata,Banglore,CCU → BBI → HYD → BLR,09:10,04:40 07 May,19h 30m,2 stops,No info,6117
Air India,15/05/2019,Kolkata,Banglore,CCU → BBI → HYD → BLR,09:10,04:40 16 May,19h 30m,2 stops,No info,6117
Multiple carriers,27/06/2019,Delhi,Cochin,DEL → BOM → COK,10:20,21:00,10h 40m,1 stop,No info,6480
Jet Airways,6/03/2019,Delhi,Cochin,DEL → BOM → COK,13:00,18:50,5h 50m,1 stop,In-flight meal not included,15103
Air India,12/05/2019,Chennai,Kolkata,MAA → CCU,11:40,13:55,2h 15m,non-stop,No info,4667
Air India,09/03/2019,Banglore,New Delhi,BLR → COK → DEL,22:00,23:20 13 Mar,25h 20m,1 stop,No info,8425
Air Asia,24/05/2019,Kolkata,Banglore,CCU → BBI → BLR,06:50,10:30,3h 40m,1 stop,No info,5162
Air India,18/03/2019,Delhi,Cochin,DEL → COK,14:10,17:10,3h,non-stop,No info,5674
IndiGo,3/03/2019,Chennai,Kolkata,MAA → CCU,22:05,00:25 04 Mar,2h 20m,non-stop,No info,5277
Air India,1/05/2019,Kolkata,Banglore,CCU → GAU → DEL → BLR,09:50,23:15,13h 25m,2 stops,No info,13227
GoAir,12/06/2019,Delhi,Cochin,DEL → AMD → COK,07:25,13:35,6h 10m,1 stop,No info,5842
Multiple carriers,6/06/2019,Delhi,Cochin,DEL → BOM → COK,07:30,19:15,11h 45m,1 stop,No info,9001
IndiGo,21/05/2019,Delhi,Cochin,DEL → HYD → COK,11:55,00:55 22 May,13h,1 stop,No info,6282
SpiceJet,21/06/2019,Banglore,Delhi,BLR → DEL,21:10,00:05 22 Jun,2h 55m,non-stop,No check-in baggage included,3919
Jet Airways,9/03/2019,Delhi,Cochin,DEL → BDQ → BOM → COK,10:45,04:25 10 Mar,17h 40m,2 stops,No info,17282
SpiceJet,27/06/2019,Mumbai,Hyderabad,BOM → HYD,05:45,07:15,1h 30m,non-stop,No info,2017
