Price,Route,Source,Airline,Dep_Time,Duration,Destination,Total_Stops,Arrival_Time,Additional_Info,Date_of_Journey
4423,BLR → DEL,Banglore,SpiceJet,05:55,2h 40m,Delhi,non-stop,08:35,No info,12/06/2019
6300,MAA → CCU,Chennai,SpiceJet,17:45,2h 20m,Kolkata,non-stop,20:05,No info,9/03/2019
7202,DEL → COK,Delhi,Jet Airways,09:50,3h 15m,Cochin,non-stop,13:05,In-flight meal not included,21/05/2019
12373,DEL → BOM → COK,Delhi,Jet Airways,10:00,18h 25m,Cochin,1 stop,04:25 19 May,In-flight meal not included,18/05/2019
6838,DEL → BOM → COK,Delhi,IndiGo,11:30,9h 30m,Cochin,1 stop,21:00,No info,21/03/2019
4804,CCU → BLR,Kolkata,IndiGo,22:15,2h 35m,Banglore,non-stop,00:50 19 Jun,No info,18/06/2019
7155,DEL → BOM → COK,Delhi,Multiple carriers,04:55,14h 20m,Cochin,1 stop,19:15,No info,24/06/2019
6610,DEL → HYD → MAA → COK,Delhi,IndiGo,06:40,14h 40m,Cochin,2 stops,21:20,No info,6/03/2019
2385,BOM → HYD,Mumbai,SpiceJet,05:45,1h 20m,Hyderabad,non-stop,07:05,No check-in baggage included,15/03/2019
11982,MAA → CCU,Chennai,Vistara,17:45,2h 20m,Kolkata,non-stop,20:05,No info,3/06/2019
5403,BLR → DEL,Banglore,Vistara,11:30,2h 50m,Delhi,non-stop,14:20,No info,27/04/2019
8529,CCU → BOM → BLR,Kolkata,Jet Airways,18:55,28h 40m,Banglore,1 stop,23:35 13 Jun,In-flight meal not included,12/06/2019
7045,BLR → BOM → DEL,Banglore,Jet Airways,22:50,8h 50m,New Delhi,1 stop,07:40 19 Mar,In-flight meal not included,21/03/2019
10441,DEL → GOI → BOM → COK,Delhi,Air India,22:00,21h 15m,Cochin,2 stops,19:15 02 Jun,No info,1/06/2019
14388,CCU → BOM → BLR,Kolkata,Jet Airways,18:55,15h 10m,Banglore,1 stop,10:05 13 May,No info,12/05/2019
22270,BLR → BOM → DEL,Banglore,Jet Airways,08:00,23h 40m,New Delhi,1 stop,07:40 02 Mar,No info,01/03/2019
13067,CCU → DEL → BLR,Kolkata,Jet Airways,20:25,18h,Banglore,1 stop,14:25 13 May,No info,12/05/2019
19595,BOM → DEL → HYD,Mumbai,Jet Airways,14:00,26h 50m,Hyderabad,1 stop,16:50 07 Mar,No info,6/03/2019
8855,BLR → DEL,Banglore,IndiGo,22:20,2h 50m,New Delhi,non-stop,01:10 16 Mar,No info,15/03/2019
5228,BLR → DEL,Banglore,Air India,06:10,2h 45m,Delhi,non-stop,08:55,No info,15/04/2019
25735,BLR → BOM → DEL,Banglore,Jet Airways,14:05,19h 25m,New Delhi,1 stop,09:30 02 Mar,No info,01/03/2019
11518,BLR → BOM → BHO → DEL,Banglore,Air India,17:25,30h,New Delhi,2 stops,23:25 16 Mar,No info,18/03/2019
15554,DEL → BOM → COK,Delhi,Jet Airways,19:45,23h 15m,Cochin,1 stop,19:00 19 May,No info,18/05/2019
13082,DEL → UDR → BOM → COK,Delhi,Jet Airways,13:00,29h 50m,Cochin,2 stops,18:50 22 Mar,No info,21/03/2019
11543,DEL → NAG → BOM → COK,Delhi,Air India,05:55,25h 45m,Cochin,2 stops,07:40 16 May,No info,15/05/2019
4804,CCU → BLR,Kolkata,IndiGo,20:20,2h 35m,Banglore,non-stop,22:55,No info,9/05/2019
10676,CCU → BBI → BOM → BLR,Kolkata,Air India,12:00,23h 10m,Banglore,2 stops,11:10 22 May,No info,21/05/2019
10844,CCU → BOM → BLR,Kolkata,Jet Airways,20:00,20h 20m,Banglore,1 stop,16:20 13 May,In-flight meal not included,12/05/2019
11342,BOM → AMD → ISK → HYD,Mumbai,Air India,05:30,9h 20m,Hyderabad,2 stops,14:50,No info,12/03/2019
9548,DEL → JAI → BOM → COK,Delhi,Air India,12:00,7h 15m,Cochin,2 stops,19:15,No info,24/06/2019
3873,CCU → BLR,Kolkata,SpiceJet,22:20,2h 20m,Banglore,non-stop,00:40 07 Jun,No info,6/06/2019
12312,CCU → DEL → BLR,Kolkata,Vistara,09:55,10h 30m,Banglore,1 stop,20:25,No info,24/03/2019
9863,DEL → AMD → BOM → COK,Delhi,Air India,16:40,26h 35m,Cochin,2 stops,19:15 19 May,No info,18/05/2019
5298,DEL → HYD → COK,Delhi,IndiGo,06:40,5h 20m,Cochin,1 stop,12:00,No info,27/03/2019
4622,CCU → BLR,Kolkata,SpiceJet,06:55,2h 40m,Banglore,non-stop,09:35,No info,3/03/2019
22619,BOM → JDH → DEL → HYD,Mumbai,Air India,09:40,14h 5m,Hyderabad,2 stops,23:45,No info,6/03/2019
9103,DEL → BOM → COK,Delhi,Multiple carriers,10:35,8h 25m,Cochin,1 stop,19:00,No info,9/05/2019
13859,BLR → AMD → DEL,Banglore,Air India,00:30,8h 15m,New Delhi,1 stop,08:45,No info,18/03/2019
5684,DEL → BOM → COK,Delhi,IndiGo,10:35,14h 55m,Cochin,1 stop,01:30 28 Jun,No info,27/06/2019
4392,BOM → HYD,Mumbai,IndiGo,06:25,1h 30m,Hyderabad,non-stop,07:55,No info,18/05/2019
12192,DEL → BOM → COK,Delhi,Multiple carriers,09:00,10h,Cochin,1 stop,19:00,No info,12/06/2019
10697,CCU → JAI → BOM → BLR,Kolkata,Air India,08:20,23h 35m,Banglore,2 stops,07:55 19 May,No info,18/05/2019
12898,DEL → BOM → COK,Delhi,Jet Airways,18:15,24h 45m,Cochin,1 stop,19:00 22 May,In-flight meal not included,21/05/2019
6301,CCU → VTZ → BLR,Kolkata,IndiGo,10:30,5h 35m,Banglore,1 stop,16:05,No info,6/06/2019
12898,DEL → BOM → COK,Delhi,Jet Airways,20:55,7h 30m,Cochin,1 stop,04:25 28 Jun,In-flight meal not included,27/06/2019
8614,DEL → BOM → COK,Delhi,Multiple carriers,07:30,11h 45m,Cochin,1 stop,19:15,No info,15/06/2019
3175,BOM → HYD,Mumbai,IndiGo,06:20,1h 25m,Hyderabad,non-stop,07:45,No info,27/03/2019
7615,CCU → BLR,Kolkata,IndiGo,15:10,2h 35m,Banglore,non-stop,17:45,No info,24/03/2019
4804,CCU → BLR,Kolkata,IndiGo,17:15,2h 35m,Banglore,non-stop,19:50,No info,27/06/2019
16352,DEL → MAA → COK,Delhi,Air India,17:20,16h 5m,Cochin,1 stop,09:25 04 Mar,No info,3/03/2019
5069,CCU → MAA → BLR,Kolkata,IndiGo,08:10,4h 50m,Banglore,1 stop,13:00,No info,6/06/2019
25735,BLR → BOM → DEL,Banglore,Jet Airways,22:50,24h 10m,New Delhi,1 stop,23:00 02 Mar,No info,01/03/2019
2575,BOM → HYD,Mumbai,Air India,13:55,1h 30m,Hyderabad,non-stop,15:25,No info,24/03/2019
13941,CCU → BOM → BLR,Kolkata,Jet Airways,16:30,7h 5m,Banglore,1 stop,23:35,No info,15/05/2019
6732,DEL → BOM → COK,Delhi,Multiple carriers,11:30,7h 45m,Cochin,1 stop,19:15,No info,27/03/2019
4823,BLR → DEL,Banglore,IndiGo,16:55,3h,Delhi,non-stop,19:55,No info,12/06/2019
6573,DEL → BOM → COK,Delhi,IndiGo,09:15,16h 15m,Cochin,1 stop,01:30 10 Apr,No info,9/04/2019
5069,CCU → MAA → BLR,Kolkata,IndiGo,08:10,4h 50m,Banglore,1 stop,13:00,No info,1/04/2019
6383,BLR → VGA → DEL,Banglore,Air India,10:30,12h 25m,New Delhi,1 stop,22:55,No info,21/03/2019
10262,DEL → BOM → COK,Delhi,Jet Airways,14:00,22h 35m,Cochin,1 stop,12:35 02 Jun,In-flight meal not included,1/06/2019
8669,DEL → BOM → COK,Delhi,Air India,07:00,12h 15m,Cochin,1 stop,19:15,No info,15/05/2019
10991,CCU → IXR → DEL → BLR,Kolkata,Air India,05:50,14h 35m,Banglore,2 stops,20:25,No info,6/05/2019
11942,DEL → JAI → BOM → COK,Delhi,Air India,18:45,24h 30m,Cochin,2 stops,19:15 10 May,No info,9/05/2019
3625,BLR → DEL,Banglore,SpiceJet,09:30,2h 50m,Delhi,non-stop,12:20,No info,27/05/2019
15164,CCU → DEL → COK → BLR,Kolkata,Air India,10:00,27h 45m,Banglore,2 stops,13:45 02 May,No info,1/05/2019
8518,DEL → MAA → BOM → COK,Delhi,Jet Airways,05:10,13h 40m,Cochin,2 stops,18:50,In-flight meal not included,27/03/2019
3597,MAA → CCU,Chennai,SpiceJet,09:45,2h 15m,Kolkata,non-stop,12:00,No info,15/06/2019
11733,DEL → JAI → BOM → COK,Delhi,Jet Airways,09:40,26h 55m,Cochin,2 stops,12:35 07 Jun,In-flight meal not included,6/06/2019
9314,CCU → DEL → BLR,Kolkata,Jet Airways,17:00,21h 25m,Banglore,1 stop,14:25 02 May,In-flight meal not included,1/05/2019
7064,CCU → BOM → BLR,Kolkata,Jet Airways,06:30,14h 15m,Banglore,1 stop,20:45,In-flight meal not included,1/04/2019
16736,BLR → BOM → DEL,Banglore,Jet Airways,16:55,12h 10m,New Delhi,1 stop,05:05 07 Mar,No info,06/03/2019
12681,CCU → BOM → BLR,Kolkata,Jet Airways,08:25,9h 50m,Banglore,1 stop,18:15,No info,1/04/2019
8372,DEL → BOM → COK,Delhi,Air India,08:00,11h 15m,Cochin,1 stop,19:15,No info,27/06/2019
7295,MAA → CCU,Chennai,IndiGo,13:20,2h 15m,Kolkata,non-stop,15:35,No info,3/03/2019
4077,BLR → DEL,Banglore,IndiGo,01:30,2h 45m,Delhi,non-stop,04:15,No info,1/06/2019
14714,DEL → BOM → COK,Delhi,Jet Airways,15:00,28h,Cochin,1 stop,19:00 04 Jun,No info,3/06/2019
4823,BLR → DEL,Banglore,IndiGo,18:55,2h 55m,Delhi,non-stop,21:50,No info,9/05/2019
11732,DEL → JAI → BOM → COK,Delhi,Air India,18:45,24h 30m,Cochin,2 stops,19:15 13 Jun,No info,12/06/2019
11200,DEL → BOM → COK,Delhi,Multiple carriers,11:30,7h 20m,Cochin,1 stop,18:50,No info,27/03/2019
14848,DEL → BOM → COK,Delhi,Multiple carriers,11:30,7h 45m,Cochin,1 stop,19:15,No info,27/06/2019
10188,DEL → BOM → COK,Delhi,GoAir,14:25,5h 10m,Cochin,1 stop,19:35,No info,15/05/2019
14231,CCU → BOM → BLR,Kolkata,Jet Airways,13:55,9h 30m,Banglore,1 stop,23:25,No info,24/03/2019
8355,CCU → GAU → BLR,Kolkata,Jet Airways,10:20,7h 15m,Banglore,1 stop,17:35,No info,9/05/2019
12384,CCU → DEL → BLR,Kolkata,Jet Airways,20:25,13h 20m,Banglore,1 stop,09:45 25 May,In-flight meal not included,24/05/2019
4423,BLR → DEL,Banglore,IndiGo,06:05,2h 45m,Delhi,non-stop,08:50,No info,6/04/2019
5678,BOM → HYD,Mumbai,Jet Airways,07:10,1h 25m,Hyderabad,non-stop,08:35,No info,24/03/2019
9899,CCU → BOM → BLR,Kolkata,Jet Airways,06:30,5h 30m,Banglore,1 stop,12:00,In-flight meal not included,12/06/2019
6637,DEL → BOM → COK,Delhi,Multiple carriers,12:50,8h 10m,Cochin,1 stop,21:00,No info,27/03/2019
19828,DEL → BOM → COK,Delhi,Jet Airways,11:30,16h 55m,Cochin,1 stop,04:25 04 Mar,No info,3/03/2019
13039,DEL → HYD → BOM → COK,Delhi,Air India,17:15,14h 25m,Cochin,2 stops,07:40 22 May,No info,21/05/2019
12996,CCU → BOM → BLR,Kolkata,Jet Airways,08:25,7h 55m,Banglore,1 stop,16:20,No info,1/04/2019
7947,DEL → MAA → COK,Delhi,SpiceJet,15:45,6h 20m,Cochin,1 stop,22:05,No info,15/05/2019
6961,BLR → DEL,Banglore,Air India,06:10,2h 45m,Delhi,non-stop,08:55,No info,6/06/2019
13817,BLR → BOM → DEL,Banglore,Jet Airways,21:25,12h 5m,New Delhi,1 stop,09:30 13 Mar,No info,12/03/2019
5192,CCU → DEL → BLR,Kolkata,Air Asia,07:35,11h 50m,Banglore,1 stop,19:25,No info,1/04/2019
2647,BOM → HYD,Mumbai,SpiceJet,05:45,1h 30m,Hyderabad,non-stop,07:15,No check-in baggage included,15/06/2019
14323,DEL → BOM → COK,Delhi,Multiple carriers,13:00,6h 15m,Cochin,1 stop,19:15,No info,9/05/2019
3543,MAA → CCU,Chennai,SpiceJet,17:45,2h 20m,Kolkata,non-stop,20:05,No check-in baggage included,21/05/2019
3597,MAA → CCU,Chennai,IndiGo,19:35,2h 20m,Kolkata,non-stop,21:55,No info,1/05/2019
12898,DEL → BOM → COK,Delhi,Jet Airways,13:00,15h 25m,Cochin,1 stop,04:25 22 May,In-flight meal not included,21/05/2019
8576,CCU → BOM → BLR,Kolkata,Air India,16:50,25h 40m,Banglore,1 stop,18:30 10 May,No info,9/05/2019
8907,DEL → BLR → COK,Delhi,Air India,13:30,9h 30m,Cochin,1 stop,23:00,No info,27/06/2019
6681,DEL → BLR → COK,Delhi,Air India,13:30,18h 45m,Cochin,1 stop,08:15 28 Mar,No info,27/03/2019
14231,CCU → BOM → BLR,Kolkata,Jet Airways,19:45,12h 25m,Banglore,1 stop,08:10 25 Mar,No info,24/03/2019
12898,DEL → BOM → COK,Delhi,Jet Airways,22:50,13h 45m,Cochin,1 stop,12:35 28 May,In-flight meal not included,27/05/2019
7503,DEL → BOM → COK,Delhi,IndiGo,09:15,16h 15m,Cochin,1 stop,01:30 19 May,No info,18/05/2019
5515,CCU → BLR,Kolkata,SpiceJet,22:20,2h 20m,Banglore,non-stop,00:40 04 Mar,No info,3/03/2019
4804,CCU → BLR,Kolkata,IndiGo,04:40,2h 35m,Banglore,non-stop,07:15,No info,15/05/2019
8330,DEL → BOM → COK,Delhi,IndiGo,10:35,14h 55m,Cochin,1 stop,01:30 10 May,No info,9/05/2019
5281,DEL → BOM → COK,Delhi,GoAir,07:00,5h 55m,Cochin,1 stop,12:55,No info,27/06/2019
8114,BLR → HYD → VGA → DEL,Banglore,Air India,17:00,29h 55m,New Delhi,2 stops,22:55 19 Mar,No info,24/03/2019
10308,CCU → PAT → BLR,Kolkata,IndiGo,09:20,4h 55m,Banglore,1 stop,14:15,No info,1/04/2019
4804,CCU → BLR,Kolkata,IndiGo,09:35,2h 45m,Banglore,non-stop,12:20,No info,18/05/2019
2437,BOM → HYD,Mumbai,IndiGo,20:05,1h 35m,Hyderabad,non-stop,21:40,No info,9/05/2019
4647,CCU → BBI → HYD → BLR,Kolkata,Air India,09:10,25h 55m,Banglore,2 stops,11:05 04 Apr,No info,3/04/2019
15129,DEL → JAI → BOM → COK,Delhi,Jet Airways,09:40,26h 55m,Cochin,2 stops,12:35 19 May,No info,18/05/2019
7804,CCU → IXB → BLR,Kolkata,SpiceJet,15:55,5h 30m,Banglore,1 stop,21:25,No info,15/05/2019
27992,BLR → BOM → DEL,Banglore,Jet Airways,14:05,6h 15m,New Delhi,1 stop,20:20,No info,01/03/2019
4409,CCU → BLR,Kolkata,Air Asia,19:55,2h 30m,Banglore,non-stop,22:25,No info,27/04/2019
13843,DEL → BOM → COK,Delhi,Jet Airways,21:50,21h,Cochin,1 stop,18:50 10 Mar,In-flight meal not included,9/03/2019
3100,BOM → HYD,Mumbai,Air India,13:55,1h 30m,Hyderabad,non-stop,15:25,No info,15/06/2019
12373,DEL → BOM → COK,Delhi,Jet Airways,10:00,18h 25m,Cochin,1 stop,04:25 10 May,In-flight meal not included,9/05/2019
10844,CCU → BOM → BLR,Kolkata,Jet Airways,08:25,27h 35m,Banglore,1 stop,12:00 19 May,In-flight meal not included,18/05/2019
5704,DEL → BLR → COK,Delhi,Air India,20:30,26h 30m,Cochin,1 stop,23:00 22 Mar,No info,21/03/2019
4148,CCU → BLR,Kolkata,IndiGo,22:10,2h 45m,Banglore,non-stop,00:55 19 Mar,No info,18/03/2019
14714,DEL → BOM → COK,Delhi,Jet Airways,19:15,23h 45m,Cochin,1 stop,19:00 07 Jun,No info,6/06/2019
4174,CCU → BLR,Kolkata,IndiGo,21:25,2h 40m,Banglore,non-stop,00:05 13 Apr,No info,12/04/2019
14714,DEL → BOM → COK,Delhi,Jet Airways,19:15,9h 10m,Cochin,1 stop,04:25 02 Jun,No info,1/06/2019
3540,MAA → CCU,Chennai,IndiGo,15:40,2h 45m,Kolkata,non-stop,18:25,No info,15/06/2019
13377,DEL → BOM → COK,Delhi,Multiple carriers,14:00,11h 30m,Cochin,1 stop,01:30 02 Jun,No info,1/06/2019
8016,BLR → DEL,Banglore,Jet Airways,11:10,2h 55m,Delhi,non-stop,14:05,No info,6/06/2019
11150,DEL → AMD → BOM → COK,Delhi,Jet Airways,19:10,17h 25m,Cochin,2 stops,12:35 28 Jun,In-flight meal not included,27/06/2019
8372,DEL → BOM → COK,Delhi,Air India,10:00,9h 15m,Cochin,1 stop,19:15,No info,21/05/2019
13377,DEL → BOM → COK,Delhi,Multiple carriers,11:30,14h,Cochin,1 stop,01:30 04 Jun,No info,3/06/2019
4326,MAA → CCU,Chennai,IndiGo,05:15,2h 20m,Kolkata,non-stop,07:35,No info,24/03/2019
2754,BOM → HYD,Mumbai,IndiGo,19:05,1h 30m,Hyderabad,non-stop,20:35,No info,12/05/2019
11150,DEL → AMD → BOM → COK,Delhi,Jet Airways,23:05,13h 30m,Cochin,2 stops,12:35 28 Jun,In-flight meal not included,27/06/2019
3670,MAA → CCU,Chennai,Air India,11:40,2h 15m,Kolkata,non-stop,13:55,No info,21/03/2019
10262,DEL → BOM → COK,Delhi,Jet Airways,19:45,8h 40m,Cochin,1 stop,04:25 04 Jun,In-flight meal not included,3/06/2019
12327,DEL → BOM → COK,Delhi,Multiple carriers,15:05,10h 30m,Cochin,1 stop,01:35 28 Mar,No info,27/03/2019
7006,DEL → BOM → COK,Delhi,IndiGo,07:30,13h 30m,Cochin,1 stop,21:00,No info,24/05/2019
9483,DEL → AMD → BOM → COK,Delhi,Jet Airways,23:05,19h 55m,Cochin,2 stops,19:00 10 Apr,No info,9/04/2019
4823,BLR → DEL,Banglore,IndiGo,07:10,2h 55m,Delhi,non-stop,10:05,No info,1/06/2019
3841,CCU → BLR,Kolkata,SpiceJet,09:00,2h 25m,Banglore,non-stop,11:25,No check-in baggage included,24/05/2019
7870,CCU → IXR → DEL → BLR,Kolkata,Air Asia,15:10,8h 20m,Banglore,2 stops,23:30,No info,9/06/2019
12819,DEL → AMD → BOM → COK,Delhi,Jet Airways,23:05,19h 55m,Cochin,2 stops,19:00 25 Jun,No info,24/06/2019
8055,DEL → BOM → COK,Delhi,Multiple carriers,08:55,12h 5m,Cochin,1 stop,21:00,No info,27/03/2019
4823,BLR → DEL,Banglore,IndiGo,18:25,2h 55m,Delhi,non-stop,21:20,No info,24/05/2019
6386,DEL → BLR → COK,Delhi,IndiGo,02:00,5h 45m,Cochin,1 stop,07:45,No info,1/06/2019
11948,BLR → CCU → GAU → DEL,Banglore,Air India,11:05,35h 5m,New Delhi,2 stops,22:10 07 Mar,No info,03/03/2019
7662,CCU → IXR → BBI → BLR,Kolkata,Air India,05:50,7h 25m,Banglore,2 stops,13:15,No info,24/05/2019
2754,BOM → HYD,Mumbai,IndiGo,12:00,1h 30m,Hyderabad,non-stop,13:30,No info,15/05/2019
6393,DEL → AMD → COK,Delhi,GoAir,07:25,6h 10m,Cochin,1 stop,13:35,No info,1/06/2019
12373,DEL → BOM → COK,Delhi,Jet Airways,15:00,13h 25m,Cochin,1 stop,04:25 10 May,In-flight meal not included,9/05/2019
18260,DEL → BOM → COK,Delhi,Multiple carriers,00:20,12h 35m,Cochin,1 stop,12:55,In-flight meal not included,9/03/2019
12219,CCU → BOM → AMD → BLR,Kolkata,Air India,09:25,20h,Banglore,2 stops,05:25 02 Apr,No info,1/04/2019
7575,DEL → BOM → COK,Delhi,Multiple carriers,11:25,7h 50m,Cochin,1 stop,19:15,No info,9/05/2019
10262,DEL → BOM → COK,Delhi,Jet Airways,20:55,22h 5m,Cochin,1 stop,19:00 16 Jun,In-flight meal not included,15/06/2019
11087,BLR → BOM → DEL,Banglore,Jet Airways,22:50,10h 40m,New Delhi,1 stop,09:30 16 Mar,In-flight meal not included,18/03/2019
3807,CCU → BLR,Kolkata,Air Asia,19:55,2h 30m,Banglore,non-stop,22:25,No info,24/06/2019
7870,DEL → BOM → COK,Delhi,GoAir,14:25,5h 10m,Cochin,1 stop,19:35,No info,24/06/2019
8016,BLR → DEL,Banglore,Jet Airways,08:20,3h,Delhi,non-stop,11:20,No info,27/06/2019
8452,CCU → DEL → BLR,Kolkata,Vistara,20:20,12h 45m,Banglore,1 stop,09:05 22 May,No info,21/05/2019
3850,MAA → CCU,Chennai,IndiGo,07:55,2h 20m,Kolkata,non-stop,10:15,No info,1/05/2019
16736,BLR → BOM → DEL,Banglore,Jet Airways,07:00,14h 20m,New Delhi,1 stop,21:20,No info,06/03/2019
7229,BLR → DEL,Banglore,Jet Airways,11:10,2h 55m,Delhi,non-stop,14:05,No info,3/04/2019
14151,CCU → DEL → BLR,Kolkata,Jet Airways,17:00,28h 5m,Banglore,1 stop,21:05 22 May,No info,21/05/2019
8784,DEL → BOM → COK,Delhi,IndiGo,04:55,16h 5m,Cochin,1 stop,21:00,No info,27/05/2019
9899,CCU → BOM → BLR,Kolkata,Jet Airways,06:30,11h 45m,Banglore,1 stop,18:15,In-flight meal not included,12/06/2019
14871,DEL → BOM → COK,Delhi,IndiGo,09:10,16h 25m,Cochin,1 stop,01:35 04 Mar,No info,3/03/2019
6017,DEL → BOM → COK,Delhi,Jet Airways,11:30,16h 55m,Cochin,1 stop,04:25 28 Mar,In-flight meal not included,27/03/2019
15197,DEL → BOM → COK,Delhi,Air India,08:00,11h 15m,Cochin,1 stop,19:15,No info,3/03/2019
12284,BLR → BOM → DEL,Banglore,Jet Airways,08:55,6h 20m,New Delhi,1 stop,15:15,No info,18/03/2019
6955,BLR → COK → DEL,Banglore,Air India,22:00,15h 20m,New Delhi,1 stop,13:20 19 Mar,No info,21/03/2019
6795,DEL → BOM → COK,Delhi,Multiple carriers,12:50,12h 40m,Cochin,1 stop,01:30 02 Jun,No info,1/06/2019
7480,DEL → MAA → COK,Delhi,Air India,12:30,20h 55m,Cochin,1 stop,09:25 10 May,No info,9/05/2019
4544,BLR → DEL,Banglore,Jet Airways,06:00,2h 45m,Delhi,non-stop,08:45,In-flight meal not included,27/04/2019
13377,DEL → BOM → COK,Delhi,Multiple carriers,16:00,9h 30m,Cochin,1 stop,01:30 28 May,No info,27/05/2019
17234,DEL → BOM → COK,Delhi,Jet Airways,16:00,12h 25m,Cochin,1 stop,04:25 04 Mar,No info,3/03/2019
15554,DEL → BOM → COK,Delhi,Jet Airways,21:50,21h 10m,Cochin,1 stop,19:00 10 May,No info,9/05/2019
3873,CCU → BLR,Kolkata,SpiceJet,22:20,2h 20m,Banglore,non-stop,00:40 02 Jun,No info,1/06/2019
7408,DEL → BOM → COK,Delhi,Multiple carriers,13:00,8h,Cochin,1 stop,21:00,No info,15/06/2019
5198,BLR → DEL,Banglore,Jet Airways,17:45,3h,Delhi,non-stop,20:45,In-flight meal not included,12/05/2019
4483,BLR → DEL,Banglore,Air Asia,23:55,2h 50m,Delhi,non-stop,02:45 13 May,No info,12/05/2019
13941,CCU → BOM → BLR,Kolkata,Jet Airways,14:05,14h 35m,Banglore,1 stop,04:40 10 May,No info,9/05/2019
10413,CCU → DEL → BLR,Kolkata,Air India,17:30,26h 55m,Banglore,1 stop,20:25 10 Jun,No info,9/06/2019
11989,DEL → HYD → BOM → COK,Delhi,Air India,17:15,26h,Cochin,2 stops,19:15 25 Jun,No info,24/06/2019
7670,DEL → BOM → COK,Delhi,Multiple carriers,07:30,13h 30m,Cochin,1 stop,21:00,No info,9/05/2019
10958,DEL → PNQ → COK,Delhi,IndiGo,23:30,5h 5m,Cochin,1 stop,04:35 19 May,No info,18/05/2019
10539,CCU → DEL → BLR,Kolkata,Jet Airways,09:35,9h 35m,Banglore,1 stop,19:10,In-flight meal not included,12/06/2019
14714,DEL → BOM → COK,Delhi,Jet Airways,19:45,8h 40m,Cochin,1 stop,04:25 02 Jun,No info,1/06/2019
2754,BOM → HYD,Mumbai,IndiGo,19:05,1h 30m,Hyderabad,non-stop,20:35,No info,15/06/2019
10929,DEL → AMD → BOM → COK,Delhi,Jet Airways,19:10,33h 15m,Cochin,2 stops,04:25 23 Mar,No info,21/03/2019
10368,DEL → JAI → BOM → COK,Delhi,Jet Airways,05:30,22h 55m,Cochin,2 stops,04:25 16 Jun,In-flight meal not included,15/06/2019
14388,CCU → BOM → BLR,Kolkata,Jet Airways,21:10,11h 5m,Banglore,1 stop,08:15 16 May,No info,15/05/2019
10844,CCU → BOM → BLR,Kolkata,Jet Airways,16:30,25h 45m,Banglore,1 stop,18:15 16 May,In-flight meal not included,15/05/2019
9315,DEL → BOM → COK,Delhi,Multiple carriers,06:40,12h 20m,Cochin,1 stop,19:00,No info,15/05/2019
6934,DEL → COK,Delhi,Air India,14:10,3h,Cochin,non-stop,17:10,No info,21/04/2019
12898,DEL → BOM → COK,Delhi,Jet Airways,22:50,20h 10m,Cochin,1 stop,19:00 22 May,In-flight meal not included,21/05/2019
8372,DEL → BOM → COK,Delhi,Air India,08:00,11h 15m,Cochin,1 stop,19:15,No info,15/05/2019
12242,DEL → BOM → COK,Delhi,Jet Airways,02:15,26h 10m,Cochin,1 stop,04:25 28 Mar,No info,27/03/2019
8553,BLR → DEL,Banglore,Vistara,19:40,2h 40m,New Delhi,non-stop,22:20,No info,03/03/2019
11087,BLR → BOM → DEL,Banglore,Jet Airways,05:45,4h 40m,New Delhi,1 stop,10:25,In-flight meal not included,09/03/2019
1965,BOM → HYD,Mumbai,SpiceJet,13:15,1h 30m,Hyderabad,non-stop,14:45,No check-in baggage included,18/06/2019
6094,DEL → COK,Delhi,Air India,05:10,2h 50m,Cochin,non-stop,08:00,No info,21/05/2019
3100,BOM → HYD,Mumbai,Air India,21:05,1h 20m,Hyderabad,non-stop,22:25,No info,24/06/2019
6961,BLR → DEL,Banglore,Air India,10:00,2h 45m,Delhi,non-stop,12:45,No info,1/06/2019
3597,MAA → CCU,Chennai,IndiGo,19:35,2h 20m,Kolkata,non-stop,21:55,No info,15/05/2019
3850,MAA → CCU,Chennai,IndiGo,05:15,2h 25m,Kolkata,non-stop,07:40,No info,24/05/2019
4959,DEL → BOM → COK,Delhi,GoAir,10:35,9h,Cochin,1 stop,19:35,No info,15/06/2019
8001,DEL → COK,Delhi,Vistara,14:55,2h 55m,Cochin,non-stop,17:50,No info,6/03/2019
10141,DEL → BOM → COK,Delhi,IndiGo,09:10,6h 20m,Cochin,1 stop,15:30,No info,27/03/2019
11622,DEL → BOM → COK,Delhi,Multiple carriers,09:15,9h 45m,Cochin,1 stop,19:00,No info,12/06/2019
14388,CCU → BOM → BLR,Kolkata,Jet Airways,18:55,13h 20m,Banglore,1 stop,08:15 13 May,No info,12/05/2019
10262,DEL → BOM → COK,Delhi,Jet Airways,13:00,15h 25m,Cochin,1 stop,04:25 25 Jun,In-flight meal not included,24/06/2019
10794,DEL → BLR → COK,Delhi,Air Asia,20:45,10h 25m,Cochin,1 stop,07:10 10 Jun,No info,9/06/2019
8586,CCU → BOM → BLR,Kolkata,Jet Airways,06:30,22h 10m,Banglore,1 stop,04:40 13 May,In-flight meal not included,12/05/2019
6992,BLR → BOM → DEL,Banglore,Jet Airways,08:55,14h 5m,New Delhi,1 stop,23:00,In-flight meal not included,21/03/2019
15554,DEL → BOM → COK,Delhi,Jet Airways,10:00,9h,Cochin,1 stop,19:00,No info,18/05/2019
4804,CCU → BLR,Kolkata,IndiGo,14:25,2h 30m,Banglore,non-stop,16:55,No info,12/06/2019
8366,CCU → BOM → BLR,Kolkata,Air India,16:50,15h 5m,Banglore,1 stop,07:55 07 Jun,No info,6/06/2019
10262,DEL → BOM → COK,Delhi,Jet Airways,18:15,10h 10m,Cochin,1 stop,04:25 16 Jun,In-flight meal not included,15/06/2019
10262,DEL → BOM → COK,Delhi,Jet Airways,02:15,16h 45m,Cochin,1 stop,19:00,In-flight meal not included,24/06/2019
10262,DEL → BOM → COK,Delhi,Jet Airways,07:05,5h 30m,Cochin,1 stop,12:35,In-flight meal not included,9/06/2019
7618,DEL → BOM → COK,Delhi,Multiple carriers,08:00,13h,Cochin,1 stop,21:00,No info,24/06/2019
6587,DEL → TRV → COK,Delhi,Air India,05:15,25h 35m,Cochin,1 stop,06:50 10 Jun,No info,9/06/2019
9663,CCU → BOM → BLR,Kolkata,Jet Airways,20:00,13h 20m,Banglore,1 stop,09:20 07 May,In-flight meal not included,6/05/2019
6961,BLR → DEL,Banglore,Air India,06:10,2h 45m,Delhi,non-stop,08:55,No info,24/06/2019
10203,CCU → DEL → BLR,Kolkata,Air India,17:30,15h 25m,Banglore,1 stop,08:55 07 May,No info,6/05/2019
13587,DEL → BOM → COK,Delhi,Multiple carriers,11:30,9h 30m,Cochin,1 stop,21:00,No info,27/06/2019
7229,BLR → DEL,Banglore,Jet Airways,08:20,3h,Delhi,non-stop,11:20,No info,3/04/2019
10262,DEL → BOM → COK,Delhi,Jet Airways,02:15,10h 20m,Cochin,1 stop,12:35,In-flight meal not included,24/06/2019
3873,CCU → BLR,Kolkata,SpiceJet,22:20,2h 20m,Banglore,non-stop,00:40 25 May,No info,24/05/2019
9021,DEL → BOM → COK,Delhi,Multiple carriers,17:45,7h 45m,Cochin,1 stop,01:30 10 May,No info,9/05/2019
13882,DEL → LKO → BOM → COK,Delhi,Jet Airways,09:25,27h 10m,Cochin,2 stops,12:35 10 Jun,No info,9/06/2019
13377,DEL → BOM → COK,Delhi,Multiple carriers,11:30,14h,Cochin,1 stop,01:30 25 Jun,No info,24/06/2019
13555,BLR → BOM → DEL,Banglore,Jet Airways,21:25,12h 5m,New Delhi,1 stop,09:30 16 Mar,No info,18/03/2019
11087,BLR → BOM → DEL,Banglore,Jet Airways,18:55,17h 30m,New Delhi,1 stop,12:25 13 Mar,In-flight meal not included,12/03/2019
6733,DEL → BOM → COK,Delhi,Multiple carriers,11:30,14h,Cochin,1 stop,01:30 28 May,In-flight meal not included,27/05/2019
4804,CCU → BLR,Kolkata,IndiGo,15:15,2h 30m,Banglore,non-stop,17:45,No info,27/05/2019
13838,DEL → HYD → COK,Delhi,Multiple carriers,09:45,12h 35m,Cochin,1 stop,22:20,No info,3/03/2019
10262,DEL → BOM → COK,Delhi,Jet Airways,13:00,6h,Cochin,1 stop,19:00,In-flight meal not included,24/06/2019
10031,CCU → BOM → BLR,Kolkata,Jet Airways,19:45,24h 55m,Banglore,1 stop,20:40 25 Mar,In-flight meal not included,24/03/2019
4878,BLR → DEL,Banglore,Vistara,17:00,2h 35m,Delhi,non-stop,19:35,No info,18/06/2019
14300,DEL → ATQ → BOM → COK,Delhi,Jet Airways,08:10,20h 15m,Cochin,2 stops,04:25 13 Jun,No info,12/06/2019
13555,BLR → BOM → DEL,Banglore,Jet Airways,14:05,6h 15m,New Delhi,1 stop,20:20,No info,18/03/2019
11628,BLR → HYD → DEL,Banglore,Air India,17:00,6h 10m,New Delhi,1 stop,23:10,No info,01/03/2019
8366,CCU → BOM → BLR,Kolkata,Air India,09:25,22h 30m,Banglore,1 stop,07:55 07 May,No info,6/05/2019
7378,DEL → BOM → COK,Delhi,GoAir,10:35,9h,Cochin,1 stop,19:35,No info,15/05/2019
13696,DEL → JDH → BOM → COK,Delhi,Air India,12:55,30h 20m,Cochin,2 stops,19:15 19 May,No info,18/05/2019
10696,DEL → HYD → COK,Delhi,Multiple carriers,07:05,15h 25m,Cochin,1 stop,22:30,No info,3/06/2019
7268,DEL → BOM → COK,Delhi,Multiple carriers,10:20,8h 55m,Cochin,1 stop,19:15,In-flight meal not included,24/06/2019
7731,DEL → BBI → COK,Delhi,IndiGo,02:35,5h 55m,Cochin,1 stop,08:30,No info,27/03/2019
11707,BLR → MAA → DEL,Banglore,Air India,11:50,8h,New Delhi,1 stop,19:50,No info,12/03/2019
17024,DEL → BOM → COK,Delhi,Jet Airways,17:30,10h 55m,Cochin,1 stop,04:25 04 Mar,No info,3/03/2019
3543,MAA → CCU,Chennai,SpiceJet,08:20,2h 15m,Kolkata,non-stop,10:35,No check-in baggage included,1/05/2019
3898,BLR → DEL,Banglore,GoAir,07:45,2h 55m,Delhi,non-stop,10:40,No info,6/06/2019
14714,DEL → BOM → COK,Delhi,Jet Airways,20:55,7h 30m,Cochin,1 stop,04:25 04 Jun,No info,3/06/2019
4435,CCU → BLR,Kolkata,Air India,20:45,2h 35m,Banglore,non-stop,23:20,No info,18/03/2019
4030,BLR → DEL,Banglore,Jet Airways,17:45,3h,Delhi,non-stop,20:45,In-flight meal not included,1/05/2019
14388,CCU → BOM → BLR,Kolkata,Jet Airways,20:00,24h 45m,Banglore,1 stop,20:45 07 May,No info,6/05/2019
10661,CCU → BOM → BLR,Kolkata,Jet Airways,13:55,14h 50m,Banglore,1 stop,04:45 25 Mar,In-flight meal not included,24/03/2019
14571,CCU → BOM → BLR,Kolkata,Jet Airways,08:25,12h 20m,Banglore,1 stop,20:45,No info,6/06/2019
13381,DEL → CCU → BOM → COK,Delhi,Air India,16:55,26h 20m,Cochin,2 stops,19:15 04 Jun,No info,3/06/2019
10262,DEL → BOM → COK,Delhi,Jet Airways,16:00,12h 25m,Cochin,1 stop,04:25 25 Jun,In-flight meal not included,24/06/2019
6224,CCU → BOM → BLR,Kolkata,Jet Airways,16:30,12h 10m,Banglore,1 stop,04:40 13 Jun,In-flight meal not included,12/06/2019
6857,CCU → BBI → BLR,Kolkata,Air Asia,06:50,3h 40m,Banglore,1 stop,10:30,No info,9/06/2019
4423,BLR → DEL,Banglore,IndiGo,04:00,2h 50m,Delhi,non-stop,06:50,No info,12/04/2019
15187,CCU → BBI → BOM → BLR,Kolkata,Air India,09:10,26h,Banglore,2 stops,11:10 25 Mar,No info,24/03/2019
10844,CCU → BOM → BLR,Kolkata,Jet Airways,06:30,9h 50m,Banglore,1 stop,16:20,In-flight meal not included,6/05/2019
4823,BLR → DEL,Banglore,IndiGo,18:55,2h 55m,Delhi,non-stop,21:50,No info,9/06/2019
9314,CCU → DEL → BLR,Kolkata,Jet Airways,20:25,22h 45m,Banglore,1 stop,19:10 02 May,In-flight meal not included,1/05/2019
10262,DEL → BOM → COK,Delhi,Jet Airways,10:00,26h 35m,Cochin,1 stop,12:35 02 Jun,In-flight meal not included,1/06/2019
7229,BLR → DEL,Banglore,Jet Airways,11:10,2h 55m,Delhi,non-stop,14:05,No info,12/05/2019
7229,BLR → DEL,Banglore,Jet Airways,06:00,2h 45m,Delhi,non-stop,08:45,In-flight meal not included,1/06/2019
10975,DEL → HYD → MAA → COK,Delhi,Air India,09:45,23h 40m,Cochin,2 stops,09:25 22 May,No info,21/05/2019
10262,DEL → BOM → COK,Delhi,Jet Airways,14:00,14h 25m,Cochin,1 stop,04:25 10 Jun,In-flight meal not included,9/06/2019
13484,CCU → BOM → COK → BLR,Kolkata,Air India,16:50,20h 55m,Banglore,2 stops,13:45 22 May,No info,21/05/2019
4413,CCU → BLR,Kolkata,SpiceJet,06:55,2h 40m,Banglore,non-stop,09:35,No check-in baggage included,18/03/2019
10262,DEL → BOM → COK,Delhi,Jet Airways,18:15,24h 45m,Cochin,1 stop,19:00 07 Jun,In-flight meal not included,6/06/2019
4544,BLR → DEL,Banglore,Jet Airways,11:10,2h 55m,Delhi,non-stop,14:05,In-flight meal not included,15/04/2019
7005,DEL → BOM → COK,Delhi,Multiple carriers,12:50,8h 10m,Cochin,1 stop,21:00,No info,12/06/2019
5048,BLR → DEL,Banglore,GoAir,07:45,2h 55m,New Delhi,non-stop,10:40,No info,24/03/2019
12898,DEL → BOM → COK,Delhi,Jet Airways,20:55,15h 40m,Cochin,1 stop,12:35 22 May,In-flight meal not included,21/05/2019
14086,DEL → BOM → COK,Delhi,Multiple carriers,16:00,9h 35m,Cochin,1 stop,01:35 10 Mar,In-flight meal not included,9/03/2019
8603,DEL → JAI → BOM → COK,Delhi,Air India,12:00,7h 15m,Cochin,2 stops,19:15,No info,3/06/2019
15342,DEL → BOM → COK,Delhi,Multiple carriers,11:30,7h 45m,Cochin,1 stop,19:15,In-flight meal not included,6/03/2019
9663,CCU → BOM → BLR,Kolkata,Jet Airways,14:05,20h,Banglore,1 stop,10:05 19 May,In-flight meal not included,18/05/2019
4957,DEL → BLR → COK,Delhi,SpiceJet,17:55,4h 55m,Cochin,1 stop,22:50,No info,1/04/2019
8586,CCU → BOM → BLR,Kolkata,Jet Airways,06:30,27h 35m,Banglore,1 stop,10:05 07 May,In-flight meal not included,6/05/2019
25735,BLR → BOM → DEL,Banglore,Jet Airways,16:55,16h 5m,New Delhi,1 stop,09:00 02 Mar,1 Long layover,01/03/2019
2754,BOM → HYD,Mumbai,IndiGo,21:20,1h 25m,Hyderabad,non-stop,22:45,No info,15/03/2019
7064,CCU → BOM → BLR,Kolkata,Jet Airways,08:25,11h 25m,Banglore,1 stop,19:50,In-flight meal not included,1/04/2019
9916,DEL → CCU → BOM → COK,Delhi,Air India,20:15,23h,Cochin,2 stops,19:15 10 Apr,No info,9/04/2019
14237,DEL → BDQ → BOM → COK,Delhi,Jet Airways,18:25,10h,Cochin,2 stops,04:25 10 Jun,No info,9/06/2019
4823,BLR → DEL,Banglore,IndiGo,18:25,2h 55m,Delhi,non-stop,21:20,No info,27/06/2019
3398,BLR → DEL,Banglore,GoAir,11:40,2h 50m,Delhi,non-stop,14:30,No info,6/05/2019
5469,BLR → DEL,Banglore,SpiceJet,05:45,2h 50m,New Delhi,non-stop,08:35,No check-in baggage included,15/03/2019
11841,CCU → BOM → BLR,Kolkata,Jet Airways,21:10,12h 10m,Banglore,1 stop,09:20 10 Jun,In-flight meal not included,9/06/2019
7229,BLR → DEL,Banglore,Jet Airways,07:10,3h,Delhi,non-stop,10:10,No info,1/05/2019
14714,DEL → BOM → COK,Delhi,Jet Airways,19:45,8h 40m,Cochin,1 stop,04:25 07 Jun,No info,6/06/2019
8610,CCU → DEL → BLR,Kolkata,Vistara,07:10,16h 15m,Banglore,1 stop,23:25,No info,12/06/2019
6818,DEL → HYD → COK,Delhi,IndiGo,05:05,7h 5m,Cochin,1 stop,12:10,No info,9/05/2019
17057,DEL → BOM → COK,Delhi,Multiple carriers,02:15,13h 15m,Cochin,1 stop,15:30,No info,6/03/2019
8820,CCU → DEL → BLR,Kolkata,Vistara,17:00,25h 50m,Banglore,1 stop,18:50 07 Jun,No info,6/06/2019
4995,BOM → HYD,Mumbai,Jet Airways,10:20,1h 30m,Hyderabad,non-stop,11:50,In-flight meal not included,18/06/2019
4784,BOM → HYD,Mumbai,IndiGo,16:55,1h 30m,Hyderabad,non-stop,18:25,No info,9/05/2019
9663,CCU → BOM → BLR,Kolkata,Jet Airways,14:05,14h 35m,Banglore,1 stop,04:40 07 May,In-flight meal not included,6/05/2019
7295,MAA → CCU,Chennai,IndiGo,19:35,2h 20m,Kolkata,non-stop,21:55,No info,6/03/2019
21730,BLR → DEL,Banglore,Vistara,19:40,2h 40m,New Delhi,non-stop,22:20,No info,01/03/2019
10368,DEL → JAI → BOM → COK,Delhi,Jet Airways,09:40,26h 55m,Cochin,2 stops,12:35 25 Jun,In-flight meal not included,24/06/2019
3625,BLR → DEL,Banglore,SpiceJet,09:30,2h 50m,Delhi,non-stop,12:20,No info,24/05/2019
3597,MAA → CCU,Chennai,SpiceJet,17:45,2h 20m,Kolkata,non-stop,20:05,No info,3/06/2019
6146,DEL → HYD → COK,Delhi,GoAir,05:55,7h 40m,Cochin,1 stop,13:35,No info,21/04/2019
5201,DEL → COK,Delhi,Air India,05:10,2h 50m,Cochin,non-stop,08:00,No info,3/06/2019
13817,BLR → BOM → DEL,Banglore,Jet Airways,21:25,13h 20m,New Delhi,1 stop,10:45 13 Mar,No info,12/03/2019
4340,BLR → DEL,Banglore,GoAir,11:40,2h 50m,Delhi,non-stop,14:30,No info,18/05/2019
8907,DEL → BLR → COK,Delhi,Air India,09:45,13h 15m,Cochin,1 stop,23:00,No info,27/06/2019
12592,CCU → BOM → COK → BLR,Kolkata,Air India,09:25,28h 20m,Banglore,2 stops,13:45 25 May,No info,24/05/2019
5162,CCU → BBI → BLR,Kolkata,Air Asia,06:50,3h 40m,Banglore,1 stop,10:30,No info,21/05/2019
5636,DEL → MAA → COK,Delhi,IndiGo,02:00,5h 25m,Cochin,1 stop,07:25,No info,1/06/2019
9443,DEL → AMD → BOM → COK,Delhi,Air India,19:45,23h 30m,Cochin,2 stops,19:15 25 Jun,No info,24/06/2019
14231,CCU → BOM → BLR,Kolkata,Jet Airways,18:55,23h 15m,Banglore,1 stop,18:10 25 Mar,No info,24/03/2019
13843,DEL → BOM → COK,Delhi,Jet Airways,02:15,17h 30m,Cochin,1 stop,19:45,In-flight meal not included,9/03/2019
8610,CCU → DEL → BLR,Kolkata,Vistara,17:00,27h 20m,Banglore,1 stop,20:20 07 May,No info,6/05/2019
8099,DEL → BOM → COK,Delhi,Multiple carriers,09:15,10h,Cochin,1 stop,19:15,No info,24/06/2019
4804,CCU → BLR,Kolkata,IndiGo,17:15,2h 35m,Banglore,non-stop,19:50,No info,18/05/2019
8586,CCU → BOM → BLR,Kolkata,Jet Airways,08:25,11h 25m,Banglore,1 stop,19:50,In-flight meal not included,12/05/2019
6216,DEL → COK,Delhi,Vistara,14:40,3h 10m,Cochin,non-stop,17:50,No info,18/04/2019
10577,DEL → BOM → COK,Delhi,Jet Airways,18:15,24h 45m,Cochin,1 stop,19:00 10 Jun,In-flight meal not included,9/06/2019
7594,CCU → BOM → BLR,Kolkata,Jet Airways,06:30,22h 10m,Banglore,1 stop,04:40 13 Jun,In-flight meal not included,12/06/2019
7303,BLR → DEL,Banglore,IndiGo,20:00,2h 55m,New Delhi,non-stop,22:55,No info,03/03/2019
7832,BLR → BOM → DEL,Banglore,Jet Airways,14:05,20h 20m,New Delhi,1 stop,10:25 19 Mar,In-flight meal not included,21/03/2019
4804,CCU → BLR,Kolkata,IndiGo,09:35,2h 45m,Banglore,non-stop,12:20,No info,24/04/2019
5277,MAA → CCU,Chennai,IndiGo,22:05,2h 20m,Kolkata,non-stop,00:25 22 May,No info,21/05/2019
13401,CCU → DEL → BLR,Kolkata,Jet Airways,20:25,21h 35m,Banglore,1 stop,18:00 10 Jun,No info,9/06/2019
12692,CCU → DEL → BLR,Kolkata,Jet Airways,09:35,11h 30m,Banglore,1 stop,21:05,No info,12/06/2019
5613,BLR → DEL,Banglore,Vistara,17:00,2h 35m,Delhi,non-stop,19:35,No info,3/05/2019
4050,BOM → HYD,Mumbai,Jet Airways,07:05,1h 25m,Hyderabad,non-stop,08:30,In-flight meal not included,12/05/2019
5883,DEL → HYD → COK,Delhi,Multiple carriers,14:35,7h 45m,Cochin,1 stop,22:20,In-flight meal not included,27/03/2019
14714,DEL → BOM → COK,Delhi,Jet Airways,21:50,6h 35m,Cochin,1 stop,04:25 07 Jun,No info,6/06/2019
6582,DEL → MAA → COK,Delhi,IndiGo,07:15,5h 15m,Cochin,1 stop,12:30,No info,15/06/2019
14817,DEL → BOM → COK,Delhi,Multiple carriers,06:50,12h 25m,Cochin,1 stop,19:15,In-flight meal not included,9/03/2019
10539,CCU → DEL → BLR,Kolkata,Jet Airways,17:00,17h 55m,Banglore,1 stop,10:55 07 Jun,In-flight meal not included,6/06/2019
16704,DEL → AMD → BOM → COK,Delhi,Jet Airways,19:10,23h 50m,Cochin,2 stops,19:00 19 May,No info,18/05/2019
6628,DEL → BOM → COK,Delhi,IndiGo,15:00,10h 30m,Cochin,1 stop,01:30 28 May,No info,27/05/2019
5192,CCU → IXR → DEL → BLR,Kolkata,Air Asia,15:10,8h 20m,Banglore,2 stops,23:30,No info,12/06/2019
13014,DEL → JAI → BOM → COK,Delhi,Jet Airways,05:30,22h 55m,Cochin,2 stops,04:25 10 Jun,No info,9/06/2019
9508,DEL → BOM → COK,Delhi,Multiple carriers,10:00,15h 30m,Cochin,1 stop,01:30 28 May,No info,27/05/2019
4174,CCU → BLR,Kolkata,IndiGo,17:15,2h 35m,Banglore,non-stop,19:50,No info,6/04/2019
10840,DEL → BOM → COK,Delhi,Air India,23:00,8h 40m,Cochin,1 stop,07:40 10 Mar,No info,9/03/2019
12942,CCU → DEL → BLR,Kolkata,Vistara,07:10,15h,Banglore,1 stop,22:10,No info,24/03/2019
3210,BOM → HYD,Mumbai,Jet Airways,19:35,1h 30m,Hyderabad,non-stop,21:05,In-flight meal not included,21/05/2019
5462,BOM → HYD,Mumbai,Air India,21:05,1h 20m,Hyderabad,non-stop,22:25,No info,6/03/2019
4405,MAA → CCU,Chennai,Air India,11:40,2h 15m,Kolkata,non-stop,13:55,No info,24/03/2019
5264,DEL → PNQ → COK,Delhi,SpiceJet,08:45,4h 30m,Cochin,1 stop,13:15,No info,12/06/2019
14053,DEL → BOM → COK,Delhi,Jet Airways,17:25,25h 25m,Cochin,1 stop,18:50 10 Mar,In-flight meal not included,9/03/2019
7354,DEL → BOM → COK,Delhi,Multiple carriers,06:40,12h 35m,Cochin,1 stop,19:15,No info,27/06/2019
10909,DEL → JAI → BOM → COK,Delhi,Jet Airways,05:30,22h 55m,Cochin,2 stops,04:25 10 Apr,No info,9/04/2019
4282,BLR → DEL,Banglore,Air Asia,04:55,2h 50m,Delhi,non-stop,07:45,No info,3/04/2019
17524,BLR → BOM → DEL,Banglore,Jet Airways,07:00,5h 15m,New Delhi,1 stop,12:15,No info,15/03/2019
8075,DEL → BOM → COK,Delhi,IndiGo,08:25,7h 5m,Cochin,1 stop,15:30,No info,27/03/2019
13039,DEL → HYD → BOM → COK,Delhi,Air India,17:15,14h 25m,Cochin,2 stops,07:40 16 May,No info,15/05/2019
14714,DEL → BOM → COK,Delhi,Jet Airways,14:00,14h 25m,Cochin,1 stop,04:25 02 Jun,No info,1/06/2019
14781,CCU → BOM → BLR,Kolkata,Jet Airways,08:25,12h 20m,Banglore,1 stop,20:45,No info,15/05/2019
7485,DEL → BOM → COK,Delhi,Multiple carriers,11:40,13h 50m,Cochin,1 stop,01:30 22 May,No info,21/05/2019
11281,DEL → AMD → BOM → COK,Delhi,Air India,05:00,26h 40m,Cochin,2 stops,07:40 10 May,No info,9/05/2019
13990,CCU → GAU → DEL → BLR,Kolkata,Air India,05:55,41h 20m,Banglore,2 stops,23:15 25 Mar,No info,24/03/2019
4384,CCU → BLR,Kolkata,Air Asia,22:50,2h 30m,Banglore,non-stop,01:20 10 Mar,No info,9/03/2019
13014,DEL → JAI → BOM → COK,Delhi,Jet Airways,05:30,22h 55m,Cochin,2 stops,04:25 02 Jun,No info,1/06/2019
4591,BLR → DEL,Banglore,IndiGo,23:30,2h 50m,Delhi,non-stop,02:20 07 Jun,No info,6/06/2019
20747,DEL → UDR → BOM → COK,Delhi,Jet Airways,18:20,24h 30m,Cochin,2 stops,18:50 04 Mar,No info,3/03/2019
12524,DEL → BOM → COK,Delhi,Multiple carriers,08:45,10h 15m,Cochin,1 stop,19:00,No info,3/06/2019
13377,DEL → BOM → COK,Delhi,Multiple carriers,14:00,11h 30m,Cochin,1 stop,01:30 07 Jun,No info,6/06/2019
11913,BLR → DEL,Banglore,Vistara,16:00,2h 35m,New Delhi,non-stop,18:35,No info,24/03/2019
10844,CCU → BOM → BLR,Kolkata,Jet Airways,20:00,8h 40m,Banglore,1 stop,04:40 22 May,In-flight meal not included,21/05/2019
10151,CCU → BBI → BOM → BLR,Kolkata,Air India,12:00,19h 55m,Banglore,2 stops,07:55 02 May,No info,1/05/2019
8016,BLR → DEL,Banglore,Jet Airways,07:10,3h,Delhi,non-stop,10:10,No info,18/06/2019
9794,DEL → BOM → COK,Delhi,Multiple carriers,07:30,11h 30m,Cochin,1 stop,19:00,No info,21/05/2019
9314,CCU → DEL → BLR,Kolkata,Jet Airways,09:35,28h 50m,Banglore,1 stop,14:25 16 May,In-flight meal not included,15/05/2019
4591,BLR → DEL,Banglore,IndiGo,10:10,2h 50m,Delhi,non-stop,13:00,No info,18/04/2019
3597,MAA → CCU,Chennai,SpiceJet,17:45,2h 20m,Kolkata,non-stop,20:05,No info,27/06/2019
10844,CCU → BOM → BLR,Kolkata,Jet Airways,18:55,25h 50m,Banglore,1 stop,20:45 16 May,In-flight meal not included,15/05/2019
13941,CCU → BOM → BLR,Kolkata,Jet Airways,20:00,8h 40m,Banglore,1 stop,04:40 19 May,No info,18/05/2019
6482,DEL → MAA → COK,Delhi,Air India,12:30,20h 55m,Cochin,1 stop,09:25 22 Mar,No info,21/03/2019
9663,CCU → BOM → BLR,Kolkata,Jet Airways,14:05,20h,Banglore,1 stop,10:05 07 May,In-flight meal not included,6/05/2019
10703,DEL → RPR → NAG → BOM → COK,Delhi,Air India,05:15,38h,Cochin,3 stops,19:15 16 Jun,No info,15/06/2019
13731,CCU → BOM → BLR,Kolkata,Jet Airways,16:30,12h 10m,Banglore,1 stop,04:40 10 Jun,No info,9/06/2019
8372,DEL → BOM → COK,Delhi,Air India,09:00,10h 15m,Cochin,1 stop,19:15,No info,9/05/2019
7229,BLR → DEL,Banglore,Jet Airways,06:00,2h 45m,Delhi,non-stop,08:45,No info,3/05/2019
3859,MAA → CCU,Chennai,SpiceJet,09:30,2h 35m,Kolkata,non-stop,12:05,No info,18/03/2019
3841,CCU → BLR,Kolkata,SpiceJet,17:10,2h 30m,Banglore,non-stop,19:40,No check-in baggage included,18/06/2019
6961,BLR → DEL,Banglore,Air India,10:00,2h 45m,Delhi,non-stop,12:45,No info,15/05/2019
10262,DEL → BOM → COK,Delhi,Jet Airways,20:55,22h 5m,Cochin,1 stop,19:00 28 Jun,In-flight meal not included,27/06/2019
7757,CCU → BOM → BLR,Kolkata,Jet Airways,14:05,18h 10m,Banglore,1 stop,08:15 10 May,In-flight meal not included,9/05/2019
7741,DEL → BOM → COK,Delhi,Multiple carriers,10:20,8h 55m,Cochin,1 stop,19:15,No info,27/06/2019
9646,DEL → HYD → COK,Delhi,Multiple carriers,07:05,9h 5m,Cochin,1 stop,16:10,No info,27/06/2019
12373,DEL → BOM → COK,Delhi,Jet Airways,13:00,15h 25m,Cochin,1 stop,04:25 10 May,In-flight meal not included,9/05/2019
3100,BOM → HYD,Mumbai,Air India,06:20,1h 20m,Hyderabad,non-stop,07:40,No info,9/06/2019
10368,DEL → JAI → BOM → COK,Delhi,Jet Airways,05:30,13h 30m,Cochin,2 stops,19:00,In-flight meal not included,15/06/2019
4174,CCU → BLR,Kolkata,IndiGo,17:15,2h 35m,Banglore,non-stop,19:50,No info,15/04/2019
4377,BLR → DEL,Banglore,IndiGo,22:20,2h 50m,New Delhi,non-stop,01:10 13 Mar,No info,09/03/2019
7438,DEL → BOM → COK,Delhi,Jet Airways,02:15,16h 35m,Cochin,1 stop,18:50,In-flight meal not included,21/03/2019
4226,CCU → BBI → BLR,Kolkata,IndiGo,19:35,3h 40m,Banglore,1 stop,23:15,No info,1/04/2019
13882,DEL → LKO → BOM → COK,Delhi,Jet Airways,09:25,19h,Cochin,2 stops,04:25 28 Jun,No info,27/06/2019
10407,DEL → BOM → COK,Delhi,Multiple carriers,08:00,11h,Cochin,1 stop,19:00,No info,27/05/2019
9623,BLR → BDQ → DEL,Banglore,Jet Airways,05:50,6h 30m,New Delhi,1 stop,12:20,No info,15/03/2019
3841,CCU → BLR,Kolkata,SpiceJet,06:55,2h 35m,Banglore,non-stop,09:30,No check-in baggage included,27/04/2019
11003,BLR → VGA → HYD → DEL,Banglore,Air India,10:30,10h 55m,New Delhi,2 stops,21:25,No info,03/03/2019
9627,DEL → BOM → COK,Delhi,Multiple carriers,09:15,9h 45m,Cochin,1 stop,19:00,No info,21/05/2019
5755,BOM → HYD,Mumbai,IndiGo,19:05,1h 25m,Hyderabad,non-stop,20:30,No info,3/03/2019
14687,CCU → BOM → AMD → BLR,Kolkata,Air India,09:25,20h,Banglore,2 stops,05:25 02 May,No info,1/05/2019
14714,DEL → BOM → COK,Delhi,Jet Airways,02:15,16h 45m,Cochin,1 stop,19:00,No info,3/06/2019
12324,CCU → BOM → GOI → BLR,Kolkata,Air India,16:50,12h 45m,Banglore,2 stops,05:35 22 May,No info,21/05/2019
4995,BOM → HYD,Mumbai,Jet Airways,07:05,1h 25m,Hyderabad,non-stop,08:30,In-flight meal not included,21/05/2019
12121,CCU → DEL → BLR,Kolkata,Jet Airways,17:00,28h 5m,Banglore,1 stop,21:05 02 May,No info,1/05/2019
13731,CCU → BOM → BLR,Kolkata,Jet Airways,08:25,20h 15m,Banglore,1 stop,04:40 07 Jun,No info,6/06/2019
12557,DEL → BOM → COK,Delhi,Jet Airways,17:30,10h 55m,Cochin,1 stop,04:25 22 Mar,No info,21/03/2019
9663,CCU → BOM → BLR,Kolkata,Jet Airways,21:10,7h 30m,Banglore,1 stop,04:40 25 May,In-flight meal not included,24/05/2019
9416,CCU → BBI → BOM → BLR,Kolkata,Air India,12:00,23h 10m,Banglore,2 stops,11:10 07 Jun,No info,6/06/2019
5586,DEL → COK,Delhi,Vistara,06:00,3h 10m,Cochin,non-stop,09:10,No info,9/04/2019
9345,CCU → DEL → BLR,Kolkata,Vistara,17:00,6h 25m,Banglore,1 stop,23:25,No info,15/05/2019
8266,DEL → BOM → COK,Delhi,Multiple carriers,06:00,13h 15m,Cochin,1 stop,19:15,No info,9/05/2019
15812,DEL → JDH → BOM → COK,Delhi,Jet Airways,11:40,7h 20m,Cochin,2 stops,19:00,In-flight meal not included,1/06/2019
1965,BOM → HYD,Mumbai,SpiceJet,22:45,1h 30m,Hyderabad,non-stop,00:15 13 May,No check-in baggage included,12/05/2019
4823,BLR → DEL,Banglore,IndiGo,07:10,2h 55m,Delhi,non-stop,10:05,No info,27/05/2019
11134,CCU → BOM → BLR,Kolkata,Jet Airways,08:25,12h 15m,Banglore,1 stop,20:40,In-flight meal not included,24/03/2019
5411,DEL → COK,Delhi,Air India,18:05,3h 5m,Cochin,non-stop,21:10,No info,27/04/2019
13292,DEL → IDR → BOM → COK,Delhi,Jet Airways,09:35,18h 50m,Cochin,2 stops,04:25 02 Jun,No info,1/06/2019
8266,DEL → BOM → COK,Delhi,Multiple carriers,12:50,6h 25m,Cochin,1 stop,19:15,No info,15/05/2019
5170,CCU → HYD → BLR,Kolkata,IndiGo,15:15,5h 15m,Banglore,1 stop,20:30,No info,6/06/2019
2017,BOM → HYD,Mumbai,SpiceJet,05:45,1h 30m,Hyderabad,non-stop,07:15,No info,3/04/2019
4823,BLR → DEL,Banglore,IndiGo,18:25,2h 55m,Delhi,non-stop,21:20,No info,6/06/2019
6860,BLR → DEL,Banglore,IndiGo,20:00,2h 55m,New Delhi,non-stop,22:55,No info,03/03/2019
15129,DEL → AMD → BOM → COK,Delhi,Jet Airways,13:25,23h 10m,Cochin,2 stops,12:35 10 May,No info,9/05/2019
4377,BLR → DEL,Banglore,IndiGo,22:20,2h 50m,New Delhi,non-stop,01:10 28 Mar,No info,24/03/2019
13029,DEL → JAI → BOM → COK,Delhi,Jet Airways,19:30,8h 55m,Cochin,2 stops,04:25 19 May,In-flight meal not included,18/05/2019
6208,BLR → LKO → DEL,Banglore,IndiGo,05:25,4h 45m,New Delhi,1 stop,10:10,No info,21/03/2019
13492,BLR → AMD → DEL,Banglore,Air India,00:30,8h 15m,New Delhi,1 stop,08:45,No info,12/03/2019
8452,CCU → DEL → BLR,Kolkata,Vistara,20:20,12h 45m,Banglore,1 stop,09:05 07 Jun,No info,6/06/2019
5530,CCU → BLR,Kolkata,Air Asia,19:55,2h 30m,Banglore,non-stop,22:25,No info,12/05/2019
7229,BLR → DEL,Banglore,Jet Airways,07:10,3h,Delhi,non-stop,10:10,No info,27/05/2019
11432,CCU → BOM → GOI → BLR,Kolkata,Air India,09:25,20h 10m,Banglore,2 stops,05:35 22 May,No info,21/05/2019
12898,DEL → BOM → COK,Delhi,Jet Airways,02:15,10h 20m,Cochin,1 stop,12:35,In-flight meal not included,21/05/2019
12373,DEL → BOM → COK,Delhi,Jet Airways,09:00,27h 35m,Cochin,1 stop,12:35 19 May,In-flight meal not included,18/05/2019
4823,BLR → DEL,Banglore,IndiGo,18:25,2h 55m,Delhi,non-stop,21:20,No info,15/06/2019
10262,DEL → BOM → COK,Delhi,Jet Airways,17:30,10h 55m,Cochin,1 stop,04:25 25 Jun,In-flight meal not included,24/06/2019
11185,DEL → HYD → MAA → COK,Delhi,Air India,07:05,26h 20m,Cochin,2 stops,09:25 25 Jun,No info,24/06/2019
5403,BLR → DEL,Banglore,Vistara,09:45,2h 50m,Delhi,non-stop,12:35,No info,9/04/2019
7657,BLR → GOI → DEL,Banglore,GoAir,15:45,4h 30m,New Delhi,1 stop,20:15,No info,15/03/2019
8586,CCU → BOM → BLR,Kolkata,Jet Airways,20:00,14h 5m,Banglore,1 stop,10:05 25 May,In-flight meal not included,24/05/2019
10624,CCU → DEL → BLR,Kolkata,Jet Airways,17:00,25h,Banglore,1 stop,18:00 10 May,No info,9/05/2019
6069,DEL → BOM → COK,Delhi,IndiGo,16:00,5h,Cochin,1 stop,21:00,No info,18/05/2019
14781,CCU → BOM → BLR,Kolkata,Jet Airways,08:25,11h 25m,Banglore,1 stop,19:50,No info,15/05/2019
3841,CCU → BLR,Kolkata,SpiceJet,06:55,2h 35m,Banglore,non-stop,09:30,No check-in baggage included,9/05/2019
14714,DEL → BOM → COK,Delhi,Jet Airways,17:30,25h 30m,Cochin,1 stop,19:00 07 Jun,No info,6/06/2019
3210,BOM → HYD,Mumbai,Jet Airways,19:35,1h 30m,Hyderabad,non-stop,21:05,In-flight meal not included,12/06/2019
8479,CCU → KNU → BLR,Kolkata,SpiceJet,11:35,7h 15m,Banglore,1 stop,18:50,No info,18/05/2019
8610,CCU → DEL → BLR,Kolkata,Vistara,07:10,11h 40m,Banglore,1 stop,18:50,No info,12/06/2019
4174,CCU → BLR,Kolkata,IndiGo,09:35,2h 45m,Banglore,non-stop,12:20,No info,15/04/2019
5613,BLR → DEL,Banglore,Vistara,07:00,2h 40m,Delhi,non-stop,09:40,No info,27/04/2019
3919,BLR → DEL,Banglore,SpiceJet,21:10,2h 55m,Delhi,non-stop,00:05 16 Jun,No check-in baggage included,15/06/2019
13912,BLR → BOM → DEL,Banglore,Air India,06:45,5h 30m,New Delhi,1 stop,12:15,No info,06/03/2019
7408,DEL → BOM → COK,Delhi,Multiple carriers,08:00,13h,Cochin,1 stop,21:00,No info,12/06/2019
6916,DEL → HYD → COK,Delhi,Multiple carriers,07:05,15h 15m,Cochin,1 stop,22:20,No info,6/03/2019
11200,DEL → BOM → COK,Delhi,Multiple carriers,11:25,7h 35m,Cochin,1 stop,19:00,No info,9/06/2019
7276,BLR → DEL,Banglore,Air India,10:00,2h 45m,New Delhi,non-stop,12:45,No info,24/03/2019
15812,DEL → JDH → BOM → COK,Delhi,Jet Airways,11:40,7h 20m,Cochin,2 stops,19:00,In-flight meal not included,6/06/2019
14781,CCU → BOM → BLR,Kolkata,Jet Airways,21:10,12h 10m,Banglore,1 stop,09:20 02 May,No info,1/05/2019
11150,DEL → AMD → BOM → COK,Delhi,Jet Airways,23:05,19h 55m,Cochin,2 stops,19:00 28 Jun,In-flight meal not included,27/06/2019
6582,DEL → MAA → COK,Delhi,IndiGo,07:15,5h 15m,Cochin,1 stop,12:30,No info,27/06/2019
6979,DEL → BOM → COK,Delhi,IndiGo,11:25,9h 35m,Cochin,1 stop,21:00,No info,15/05/2019
20999,BLR → BOM → IDR → DEL,Banglore,Air India,06:45,28h 25m,New Delhi,2 stops,11:10 02 Mar,No info,01/03/2019
11516,CCU → IXR → DEL → BLR,Kolkata,Air India,05:50,17h 25m,Banglore,2 stops,23:15,No info,1/04/2019
3173,BOM → HYD,Mumbai,SpiceJet,05:45,1h 20m,Hyderabad,non-stop,07:05,No info,21/03/2019
15129,DEL → AMD → BOM → COK,Delhi,Jet Airways,19:10,23h 50m,Cochin,2 stops,19:00 22 May,No info,21/05/2019
3100,BOM → HYD,Mumbai,Air India,06:20,1h 20m,Hyderabad,non-stop,07:40,No info,3/04/2019
3100,BOM → HYD,Mumbai,Air India,21:05,1h 20m,Hyderabad,non-stop,22:25,No info,21/06/2019
4049,BOM → HYD,Mumbai,IndiGo,09:10,1h 30m,Hyderabad,non-stop,10:40,No info,12/06/2019
6795,DEL → BOM → COK,Delhi,Multiple carriers,12:50,12h 40m,Cochin,1 stop,01:30 16 Jun,No info,15/06/2019
13899,CCU → DEL → AMD → BLR,Kolkata,Air India,10:00,19h 25m,Banglore,2 stops,05:25 22 May,No info,21/05/2019
13014,DEL → JAI → BOM → COK,Delhi,Jet Airways,19:30,8h 55m,Cochin,2 stops,04:25 02 Jun,No info,1/06/2019
4729,DEL → COK,Delhi,IndiGo,14:30,3h 5m,Cochin,non-stop,17:35,No info,27/03/2019
13029,DEL → JAI → BOM → COK,Delhi,Jet Airways,09:40,26h 55m,Cochin,2 stops,12:35 22 May,In-flight meal not included,21/05/2019
7191,DEL → BOM → COK,Delhi,IndiGo,07:30,13h 30m,Cochin,1 stop,21:00,No info,6/05/2019
12242,DEL → BOM → COK,Delhi,Jet Airways,17:30,10h 55m,Cochin,1 stop,04:25 28 Mar,No info,27/03/2019
7005,DEL → BOM → COK,Delhi,Multiple carriers,10:20,10h 40m,Cochin,1 stop,21:00,No info,6/06/2019
11087,BLR → BOM → DEL,Banglore,Jet Airways,20:35,14h 10m,New Delhi,1 stop,10:45 13 Mar,In-flight meal not included,12/03/2019
9315,DEL → BOM → COK,Delhi,Multiple carriers,07:30,11h 30m,Cochin,1 stop,19:00,No info,9/05/2019
13292,DEL → IDR → BOM → COK,Delhi,Jet Airways,09:35,18h 50m,Cochin,2 stops,04:25 13 Jun,No info,12/06/2019
3873,CCU → BLR,Kolkata,SpiceJet,22:20,2h 20m,Banglore,non-stop,00:40 02 Apr,No info,1/04/2019
4804,CCU → BLR,Kolkata,IndiGo,11:30,2h 35m,Banglore,non-stop,14:05,No info,24/04/2019
14300,DEL → ATQ → BOM → COK,Delhi,Jet Airways,08:10,28h 25m,Cochin,2 stops,12:35 13 Jun,No info,12/06/2019
5192,CCU → DEL → BLR,Kolkata,Air Asia,22:40,12h,Banglore,1 stop,10:40 02 May,No info,1/05/2019
3873,CCU → BLR,Kolkata,SpiceJet,22:20,2h 20m,Banglore,non-stop,00:40 22 May,No info,21/05/2019
4777,BLR → DEL,Banglore,IndiGo,00:40,2h 45m,New Delhi,non-stop,03:25,No info,24/03/2019
5678,BOM → HYD,Mumbai,Jet Airways,03:05,1h 20m,Hyderabad,non-stop,04:25,No info,21/03/2019
7408,DEL → BOM → COK,Delhi,Multiple carriers,03:50,7h 40m,Cochin,1 stop,11:30,No info,9/06/2019
4377,BLR → DEL,Banglore,SpiceJet,05:45,2h 50m,New Delhi,non-stop,08:35,No info,24/03/2019
7294,BLR → PNQ → DEL,Banglore,SpiceJet,10:20,7h 55m,New Delhi,1 stop,18:15,No info,09/03/2019
12080,BOM → DEL → HYD,Mumbai,Vistara,07:30,12h 25m,Hyderabad,1 stop,19:55,No info,12/03/2019
3574,CCU → HYD → BLR,Kolkata,IndiGo,19:20,4h 25m,Banglore,1 stop,23:45,No info,9/04/2019
17057,DEL → BOM → COK,Delhi,Multiple carriers,17:30,8h 5m,Cochin,1 stop,01:35 07 Mar,No info,6/03/2019
3625,BLR → DEL,Banglore,SpiceJet,05:55,2h 40m,Delhi,non-stop,08:35,No info,9/06/2019
12395,BOM → DEL → HYD,Mumbai,Vistara,15:40,7h 15m,Hyderabad,1 stop,22:55,No info,6/03/2019
4391,BOM → HYD,Mumbai,SpiceJet,05:45,1h 20m,Hyderabad,non-stop,07:05,No info,9/03/2019
13502,BLR → BOM → DEL,Banglore,Jet Airways,14:05,5h 5m,New Delhi,1 stop,19:10,In-flight meal not included,18/03/2019
4823,BLR → DEL,Banglore,IndiGo,18:55,2h 55m,Delhi,non-stop,21:50,No info,9/04/2019
17024,DEL → BOM → COK,Delhi,Jet Airways,21:50,21h,Cochin,1 stop,18:50 04 Mar,No info,3/03/2019
12692,CCU → DEL → BLR,Kolkata,Jet Airways,09:35,14h,Banglore,1 stop,23:35,No info,12/06/2019
13376,DEL → NAG → BOM → COK,Delhi,Jet Airways,06:45,21h 40m,Cochin,2 stops,04:25 02 Jun,No info,1/06/2019
9709,DEL → BOM → COK,Delhi,IndiGo,08:25,7h 5m,Cochin,1 stop,15:30,No info,21/03/2019
10943,BOM → DEL → HYD,Mumbai,Air India,21:00,22h 25m,Hyderabad,1 stop,19:25 13 Mar,No info,12/03/2019
14151,CCU → DEL → BLR,Kolkata,Jet Airways,17:00,26h 10m,Banglore,1 stop,19:10 07 Jun,No info,6/06/2019
5678,BOM → HYD,Mumbai,Jet Airways,02:55,1h 25m,Hyderabad,non-stop,04:20,No info,18/06/2019
8529,CCU → BOM → BLR,Kolkata,Jet Airways,18:55,24h 55m,Banglore,1 stop,19:50 13 Jun,In-flight meal not included,12/06/2019
8662,CCU → DEL → BLR,Kolkata,Vistara,17:00,17h 45m,Banglore,1 stop,10:45 07 May,No info,6/05/2019
7198,DEL → BOM → COK,Delhi,Multiple carriers,10:00,15h 30m,Cochin,1 stop,01:30 02 Jun,No info,1/06/2019
3873,BLR → DEL,Banglore,SpiceJet,09:35,2h 55m,New Delhi,non-stop,12:30,No check-in baggage included,24/03/2019
3911,MAA → CCU,Chennai,SpiceJet,08:20,2h 15m,Kolkata,non-stop,10:35,No info,9/05/2019
4777,BLR → DEL,Banglore,IndiGo,21:20,2h 55m,New Delhi,non-stop,00:15 22 Mar,No info,24/03/2019
14781,CCU → BOM → BLR,Kolkata,Jet Airways,16:30,6h 5m,Banglore,1 stop,22:35,No info,1/05/2019
6316,DEL → BOM → COK,Delhi,IndiGo,16:00,9h 30m,Cochin,1 stop,01:30 25 Jun,No info,24/06/2019
8245,DEL → HYD → BOM → COK,Delhi,Air India,17:15,26h,Cochin,2 stops,19:15 22 Mar,No info,21/03/2019
15318,DEL → ATQ → BOM → COK,Delhi,Jet Airways,20:00,8h 25m,Cochin,2 stops,04:25 07 Jun,In-flight meal not included,6/06/2019
8055,DEL → BOM → COK,Delhi,Multiple carriers,07:30,13h 30m,Cochin,1 stop,21:00,No info,27/03/2019
26890,BLR → BOM → DEL,Banglore,Jet Airways,07:00,5h 25m,New Delhi,1 stop,12:25,No info,01/03/2019
10368,DEL → JAI → BOM → COK,Delhi,Jet Airways,05:30,13h 30m,Cochin,2 stops,19:00,In-flight meal not included,12/06/2019
5406,DEL → COK,Delhi,IndiGo,21:05,3h 15m,Cochin,non-stop,00:20 22 Jun,No info,21/06/2019
6216,DEL → COK,Delhi,Vistara,14:40,3h 10m,Cochin,non-stop,17:50,No info,27/04/2019
6121,BLR → DEL,Banglore,Air India,06:10,2h 45m,Delhi,non-stop,08:55,No info,6/05/2019
12273,DEL → IXC → BOM → COK,Delhi,Jet Airways,06:20,37h 25m,Cochin,2 stops,19:45 28 Mar,No info,27/03/2019
14781,CCU → BOM → BLR,Kolkata,Jet Airways,16:30,6h 5m,Banglore,1 stop,22:35,No info,12/05/2019
4668,BLR → DEL,Banglore,Vistara,09:45,2h 50m,Delhi,non-stop,12:35,No info,27/05/2019
4148,CCU → BLR,Kolkata,IndiGo,21:25,2h 40m,Banglore,non-stop,00:05 28 Mar,No info,27/03/2019
10262,DEL → BOM → COK,Delhi,Jet Airways,02:15,10h 20m,Cochin,1 stop,12:35,In-flight meal not included,15/06/2019
3625,BLR → DEL,Banglore,SpiceJet,21:10,2h 55m,Delhi,non-stop,00:05 25 Apr,No info,24/04/2019
16079,DEL → BOM → COK,Delhi,Jet Airways,09:00,10h,Cochin,1 stop,19:00,No info,21/05/2019
2754,BOM → HYD,Mumbai,IndiGo,12:00,1h 25m,Hyderabad,non-stop,13:25,No info,27/03/2019
14300,DEL → ATQ → BOM → COK,Delhi,Jet Airways,12:15,16h 10m,Cochin,2 stops,04:25 16 Jun,No info,15/06/2019
6985,CCU → BLR,Kolkata,IndiGo,22:10,2h 45m,Banglore,non-stop,00:55 25 Mar,No info,24/03/2019
6316,DEL → BOM → COK,Delhi,IndiGo,16:00,9h 30m,Cochin,1 stop,01:30 16 Jun,No info,15/06/2019
8098,DEL → BOM → COK,Delhi,Multiple carriers,10:00,15h 35m,Cochin,1 stop,01:35 22 Mar,No info,21/03/2019
4174,CCU → BLR,Kolkata,IndiGo,15:30,2h 35m,Banglore,non-stop,18:05,No info,18/04/2019
9626,CCU → BBI → BOM → BLR,Kolkata,Air India,12:00,30h 30m,Banglore,2 stops,18:30 10 May,No info,9/05/2019
5823,BLR → DEL,Banglore,Vistara,19:30,2h 45m,Delhi,non-stop,22:15,No info,18/04/2019
3543,MAA → CCU,Chennai,SpiceJet,08:20,2h 15m,Kolkata,non-stop,10:35,No check-in baggage included,21/06/2019
14781,CCU → BOM → BLR,Kolkata,Jet Airways,14:05,5h 45m,Banglore,1 stop,19:50,No info,18/05/2019
7832,BLR → BOM → DEL,Banglore,Jet Airways,05:45,19h,New Delhi,1 stop,00:45 19 Mar,In-flight meal not included,21/03/2019
3597,MAA → CCU,Chennai,IndiGo,13:15,2h 20m,Kolkata,non-stop,15:35,No info,6/05/2019
7740,DEL → BOM → COK,Delhi,Multiple carriers,07:30,13h 30m,Cochin,1 stop,21:00,No info,6/06/2019
12488,DEL → LKO → BOM → COK,Delhi,Air India,12:20,30h 55m,Cochin,2 stops,19:15 28 May,No info,27/05/2019
13542,DEL → BOM → COK,Delhi,Multiple carriers,18:15,7h 20m,Cochin,1 stop,01:35 22 Mar,No info,21/03/2019
13731,CCU → BOM → BLR,Kolkata,Jet Airways,06:30,22h 10m,Banglore,1 stop,04:40 07 Jun,No info,6/06/2019
5678,BOM → HYD,Mumbai,Jet Airways,15:50,1h 30m,Hyderabad,non-stop,17:20,No info,18/03/2019
3859,MAA → CCU,Chennai,SpiceJet,09:45,2h 15m,Kolkata,non-stop,12:00,No check-in baggage included,24/06/2019
11936,CCU → DEL → BLR,Kolkata,Air India,10:00,13h 15m,Banglore,1 stop,23:15,No info,21/05/2019
4307,BOM → HYD,Mumbai,Air India,21:05,1h 20m,Hyderabad,non-stop,22:25,No info,12/03/2019
6810,CCU → DEL → BLR,Kolkata,Air Asia,22:40,12h,Banglore,1 stop,10:40 07 Jun,No info,6/06/2019
13292,DEL → IDR → BOM → COK,Delhi,Jet Airways,05:30,13h 30m,Cochin,2 stops,19:00,No info,12/06/2019
13374,CCU → BOM → BLR,Kolkata,Jet Airways,21:10,7h 30m,Banglore,1 stop,04:40 07 Jun,No info,6/06/2019
6121,BLR → DEL,Banglore,Air India,21:05,2h 50m,Delhi,non-stop,23:55,No info,3/05/2019
12604,DEL → UDR → BOM → COK,Delhi,Jet Airways,18:20,24h 30m,Cochin,2 stops,18:50 22 Mar,No info,21/03/2019
3543,MAA → CCU,Chennai,SpiceJet,09:45,2h 15m,Kolkata,non-stop,12:00,No check-in baggage included,6/05/2019
9413,DEL → HYD → MAA → COK,Delhi,IndiGo,11:55,9h 25m,Cochin,2 stops,21:20,No info,3/03/2019
4823,BLR → DEL,Banglore,IndiGo,07:10,2h 55m,Delhi,non-stop,10:05,No info,27/04/2019
11134,CCU → BOM → BLR,Kolkata,Jet Airways,18:55,23h 15m,Banglore,1 stop,18:10 25 Mar,In-flight meal not included,24/03/2019
4030,BLR → DEL,Banglore,Jet Airways,17:45,3h,Delhi,non-stop,20:45,In-flight meal not included,6/05/2019
9100,DEL → BOM → COK,Delhi,Multiple carriers,06:40,12h 35m,Cochin,1 stop,19:15,No info,27/03/2019
10231,DEL → AMD → BOM → COK,Delhi,Air India,05:00,26h 40m,Cochin,2 stops,07:40 16 Jun,No info,15/06/2019
3943,BLR → DEL,Banglore,IndiGo,22:10,2h 50m,Delhi,non-stop,01:00 19 May,No info,18/05/2019
4878,BLR → DEL,Banglore,Vistara,07:00,2h 40m,Delhi,non-stop,09:40,No info,15/06/2019
6144,BLR → DEL,Banglore,IndiGo,01:30,2h 45m,New Delhi,non-stop,04:15,No info,03/03/2019
10493,DEL → RPR → NAG → BOM → COK,Delhi,Air India,05:15,38h,Cochin,3 stops,19:15 04 Jun,No info,3/06/2019
7144,DEL → HYD → COK,Delhi,IndiGo,06:50,15h 40m,Cochin,1 stop,22:30,No info,18/05/2019
4319,BLR → DEL,Banglore,SpiceJet,09:30,2h 50m,Delhi,non-stop,12:20,No check-in baggage included,12/06/2019
4804,CCU → BLR,Kolkata,IndiGo,14:25,2h 30m,Banglore,non-stop,16:55,No info,18/06/2019
5201,DEL → COK,Delhi,Air India,18:05,3h 5m,Cochin,non-stop,21:10,No info,24/06/2019
6442,DEL → HYD → COK,Delhi,IndiGo,06:50,9h 20m,Cochin,1 stop,16:10,No info,1/06/2019
6976,DEL → AMD → COK,Delhi,GoAir,07:25,6h 10m,Cochin,1 stop,13:35,No info,3/06/2019
4649,CCU → MAA → BLR,Kolkata,SpiceJet,15:05,5h 15m,Banglore,1 stop,20:20,No info,12/05/2019
16736,BLR → BOM → DEL,Banglore,Jet Airways,11:40,20h,New Delhi,1 stop,07:40 07 Mar,No info,06/03/2019
11411,CCU → IXR → DEL → BLR,Kolkata,Air India,05:50,27h 5m,Banglore,2 stops,08:55 13 May,No info,12/05/2019
7832,BLR → BOM → DEL,Banglore,Jet Airways,07:00,9h 10m,New Delhi,1 stop,16:10,In-flight meal not included,21/03/2019
6674,DEL → HYD → COK,Delhi,IndiGo,11:55,10h 35m,Cochin,1 stop,22:30,No info,1/06/2019
7832,BLR → BOM → DEL,Banglore,Jet Airways,05:45,7h 30m,New Delhi,1 stop,13:15,In-flight meal not included,21/03/2019
10394,BLR → AMD → DEL,Banglore,Air India,00:30,23h 25m,New Delhi,1 stop,23:55,No info,03/03/2019
10518,DEL → BOM → COK,Delhi,IndiGo,04:45,16h 15m,Cochin,1 stop,21:00,No info,9/03/2019
3850,MAA → CCU,Chennai,IndiGo,07:55,2h 20m,Kolkata,non-stop,10:15,No info,15/05/2019
8372,DEL → BOM → COK,Delhi,Air India,09:00,22h 40m,Cochin,1 stop,07:40 19 May,No info,18/05/2019
3597,MAA → CCU,Chennai,IndiGo,14:45,2h 20m,Kolkata,non-stop,17:05,No info,27/05/2019
7064,CCU → BOM → BLR,Kolkata,Jet Airways,16:30,7h 5m,Banglore,1 stop,23:35,In-flight meal not included,1/04/2019
11399,DEL → BOM → COK,Delhi,Jet Airways,10:00,9h,Cochin,1 stop,19:00,In-flight meal not included,18/05/2019
10844,CCU → BOM → BLR,Kolkata,Jet Airways,14:05,26h 15m,Banglore,1 stop,16:20 16 May,In-flight meal not included,15/05/2019
13555,BLR → BOM → DEL,Banglore,Jet Airways,05:45,23h 20m,New Delhi,1 stop,05:05 07 Mar,No info,06/03/2019
24528,DEL → IXU → BOM → COK,Delhi,Multiple carriers,17:50,7h 45m,Cochin,2 stops,01:35 04 Mar,No info,3/03/2019
10262,DEL → BOM → COK,Delhi,Jet Airways,16:00,20h 35m,Cochin,1 stop,12:35 25 Jun,In-flight meal not included,24/06/2019
8073,DEL → BOM → COK,Delhi,Multiple carriers,09:00,12h,Cochin,1 stop,21:00,No info,18/05/2019
7723,DEL → BOM → COK,Delhi,Multiple carriers,13:00,12h 30m,Cochin,1 stop,01:30 02 Jun,No info,1/06/2019
11087,BLR → BOM → DEL,Banglore,Jet Airways,20:35,22h 35m,New Delhi,1 stop,19:10 13 Mar,In-flight meal not included,12/03/2019
7229,BLR → DEL,Banglore,Jet Airways,08:20,3h,Delhi,non-stop,11:20,No info,9/04/2019
10408,CCU → DEL → COK → BLR,Kolkata,Air India,10:00,15h 20m,Banglore,2 stops,01:20 02 Apr,No info,1/04/2019
13152,CCU → DEL → BLR,Kolkata,Vistara,07:10,13h 15m,Banglore,1 stop,20:25,No info,24/03/2019
14871,DEL → BOM → COK,Delhi,IndiGo,17:30,8h 5m,Cochin,1 stop,01:35 07 Mar,No info,6/03/2019
14151,CCU → DEL → BLR,Kolkata,Jet Airways,17:00,17h 55m,Banglore,1 stop,10:55 22 May,No info,21/05/2019
10262,DEL → BOM → COK,Delhi,Jet Airways,19:45,23h 15m,Cochin,1 stop,19:00 07 Jun,In-flight meal not included,6/06/2019
13432,CCU → BOM → COK → BLR,Kolkata,Air India,16:50,20h 55m,Banglore,2 stops,13:45 19 May,No info,18/05/2019
5740,BLR → DEL,Banglore,IndiGo,08:30,2h 50m,Delhi,non-stop,11:20,No info,12/05/2019
4777,BLR → DEL,Banglore,IndiGo,04:00,2h 50m,New Delhi,non-stop,06:50,No info,09/03/2019
13882,DEL → LKO → BOM → COK,Delhi,Jet Airways,11:45,16h 40m,Cochin,2 stops,04:25 07 Jun,No info,6/06/2019
4804,CCU → BLR,Kolkata,IndiGo,11:30,2h 35m,Banglore,non-stop,14:05,No info,27/04/2019
4462,CCU → BLR,Kolkata,IndiGo,20:25,2h 40m,Banglore,non-stop,23:05,No info,18/03/2019
4174,CCU → BLR,Kolkata,IndiGo,04:40,2h 35m,Banglore,non-stop,07:15,No info,18/04/2019
13292,DEL → IDR → BOM → COK,Delhi,Jet Airways,05:30,22h 55m,Cochin,2 stops,04:25 16 Jun,No info,15/06/2019
13067,CCU → DEL → BLR,Kolkata,Jet Airways,17:00,21h 25m,Banglore,1 stop,14:25 19 May,No info,18/05/2019
13292,DEL → IDR → BOM → COK,Delhi,Jet Airways,21:25,15h 10m,Cochin,2 stops,12:35 04 Jun,No info,3/06/2019
3919,BLR → DEL,Banglore,SpiceJet,09:30,2h 50m,Delhi,non-stop,12:20,No check-in baggage included,6/06/2019
15107,CCU → VNS → DEL → BLR,Kolkata,Air India,14:30,8h 45m,Banglore,2 stops,23:15,No info,21/05/2019
5199,DEL → HYD → COK,Delhi,GoAir,05:55,7h 40m,Cochin,1 stop,13:35,No info,9/06/2019
8366,CCU → BOM → BLR,Kolkata,Air India,09:25,22h 30m,Banglore,1 stop,07:55 02 May,No info,1/05/2019
13748,DEL → BHO → BOM → COK,Delhi,Air India,05:55,13h 20m,Cochin,2 stops,19:15,No info,6/03/2019
4804,CCU → BLR,Kolkata,IndiGo,17:15,2h 35m,Banglore,non-stop,19:50,No info,9/05/2019
3943,BLR → DEL,Banglore,IndiGo,10:10,2h 50m,Delhi,non-stop,13:00,No info,21/05/2019
9663,CCU → BOM → BLR,Kolkata,Jet Airways,14:05,21h 55m,Banglore,1 stop,12:00 19 May,In-flight meal not included,18/05/2019
4030,BLR → DEL,Banglore,Jet Airways,18:55,3h 5m,Delhi,non-stop,22:00,In-flight meal not included,12/05/2019
7064,CCU → BOM → BLR,Kolkata,Jet Airways,16:30,28h 15m,Banglore,1 stop,20:45 02 Apr,In-flight meal not included,1/04/2019
2227,BOM → HYD,Mumbai,IndiGo,20:05,1h 35m,Hyderabad,non-stop,21:40,No info,1/05/2019
10441,DEL → AMD → BOM → COK,Delhi,Air India,19:45,23h 30m,Cochin,2 stops,19:15 04 Jun,No info,3/06/2019
10991,CCU → IXR → DEL → BLR,Kolkata,Air India,05:50,14h 35m,Banglore,2 stops,20:25,No info,6/06/2019
18275,DEL → IXU → BOM → COK,Delhi,Multiple carriers,17:50,7h 40m,Cochin,2 stops,01:30 04 Jun,No info,3/06/2019
11982,MAA → CCU,Chennai,Vistara,17:45,2h 20m,Kolkata,non-stop,20:05,No info,15/06/2019
13727,DEL → BOM → COK,Delhi,Multiple carriers,14:00,7h,Cochin,1 stop,21:00,No info,9/05/2019
18799,DEL → IDR → BOM → COK,Delhi,Jet Airways,05:25,13h 25m,Cochin,2 stops,18:50,No info,3/03/2019
12898,DEL → BOM → COK,Delhi,Jet Airways,15:00,21h 35m,Cochin,1 stop,12:35 28 May,In-flight meal not included,27/05/2019
5678,BOM → HYD,Mumbai,Jet Airways,19:35,1h 30m,Hyderabad,non-stop,21:05,No info,3/03/2019
11401,BLR → PNQ → DEL,Banglore,SpiceJet,10:20,7h 55m,New Delhi,1 stop,18:15,No info,03/03/2019
10031,CCU → BOM → BLR,Kolkata,Jet Airways,08:25,27h 35m,Banglore,1 stop,12:00 25 Mar,In-flight meal not included,24/03/2019
7858,DEL → HYD → COK,Delhi,Multiple carriers,17:15,7h 40m,Cochin,1 stop,00:55 22 May,No info,21/05/2019
4174,CCU → BLR,Kolkata,IndiGo,15:30,2h 35m,Banglore,non-stop,18:05,No info,15/04/2019
8366,CCU → BOM → BLR,Kolkata,Air India,09:25,22h 30m,Banglore,1 stop,07:55 19 May,No info,18/05/2019
8586,CCU → BOM → BLR,Kolkata,Jet Airways,21:10,7h 30m,Banglore,1 stop,04:40 10 Jun,In-flight meal not included,9/06/2019
11467,CCU → DEL → BLR,Kolkata,Jet Airways,09:35,9h 35m,Banglore,1 stop,19:10,No info,1/04/2019
6300,MAA → CCU,Chennai,SpiceJet,17:45,2h 20m,Kolkata,non-stop,20:05,No info,15/03/2019
10844,CCU → BOM → BLR,Kolkata,Jet Airways,16:30,19h 30m,Banglore,1 stop,12:00 16 May,In-flight meal not included,15/05/2019
4804,CCU → BLR,Kolkata,IndiGo,04:40,2h 35m,Banglore,non-stop,07:15,No info,15/06/2019
16162,DEL → BOM → COK,Delhi,IndiGo,04:45,8h 10m,Cochin,1 stop,12:55,No info,9/03/2019
14388,CCU → BOM → BLR,Kolkata,Jet Airways,20:00,13h 20m,Banglore,1 stop,09:20 13 May,No info,12/05/2019
6144,BLR → DEL,Banglore,IndiGo,00:40,2h 45m,New Delhi,non-stop,03:25,No info,03/03/2019
3873,CCU → BLR,Kolkata,SpiceJet,09:00,2h 25m,Banglore,non-stop,11:25,No info,24/06/2019
4030,BLR → DEL,Banglore,Jet Airways,17:45,3h,Delhi,non-stop,20:45,In-flight meal not included,15/05/2019
9254,DEL → IDR → BOM → COK,Delhi,Jet Airways,05:25,13h 25m,Cochin,2 stops,18:50,In-flight meal not included,27/03/2019
8586,CCU → BOM → BLR,Kolkata,Jet Airways,20:00,14h 5m,Banglore,1 stop,10:05 02 May,In-flight meal not included,1/05/2019
10844,CCU → BOM → BLR,Kolkata,Jet Airways,18:55,21h 25m,Banglore,1 stop,16:20 16 May,In-flight meal not included,15/05/2019
6794,DEL → BOM → COK,Delhi,IndiGo,10:35,10h 25m,Cochin,1 stop,21:00,No info,21/05/2019
10262,DEL → BOM → COK,Delhi,Jet Airways,09:00,27h 35m,Cochin,1 stop,12:35 25 Jun,In-flight meal not included,24/06/2019
9424,DEL → BOM → COK,Delhi,Multiple carriers,13:00,12h 30m,Cochin,1 stop,01:30 10 May,No info,9/05/2019
8662,CCU → DEL → BLR,Kolkata,Vistara,07:10,15h 45m,Banglore,1 stop,22:55,No info,9/06/2019
6015,DEL → COK,Delhi,IndiGo,21:05,3h 15m,Cochin,non-stop,00:20 10 Jun,No info,9/06/2019
6959,CCU → BOM → BLR,Kolkata,Jet Airways,18:55,9h 45m,Banglore,1 stop,04:40 13 Jun,In-flight meal not included,12/06/2019
3841,CCU → BLR,Kolkata,SpiceJet,17:10,2h 30m,Banglore,non-stop,19:40,No check-in baggage included,1/04/2019
8586,CCU → BOM → BLR,Kolkata,Jet Airways,18:55,15h 10m,Banglore,1 stop,10:05 02 May,In-flight meal not included,1/05/2019
5224,CCU → BLR,Kolkata,IndiGo,14:25,2h 30m,Banglore,non-stop,16:55,No info,24/05/2019
9663,CCU → BOM → BLR,Kolkata,Jet Airways,21:10,12h 10m,Banglore,1 stop,09:20 19 May,In-flight meal not included,18/05/2019
3850,MAA → CCU,Chennai,IndiGo,05:15,2h 25m,Kolkata,non-stop,07:40,No info,1/05/2019
4176,CCU → HYD → BLR,Kolkata,IndiGo,04:50,5h,Banglore,1 stop,09:50,No info,12/05/2019
7662,CCU → GAU → BLR,Kolkata,Air India,16:45,28h 20m,Banglore,1 stop,21:05 10 May,No info,9/05/2019
3543,MAA → CCU,Chennai,SpiceJet,17:45,2h 20m,Kolkata,non-stop,20:05,No check-in baggage included,21/06/2019
10151,CCU → BBI → BOM → BLR,Kolkata,Air India,12:00,9h 50m,Banglore,2 stops,21:50,No info,6/05/2019
3943,BLR → DEL,Banglore,IndiGo,04:00,2h 50m,Delhi,non-stop,06:50,No info,15/05/2019
9920,CCU → GAU → DEL → BLR,Kolkata,Air India,16:45,27h 40m,Banglore,2 stops,20:25 02 Apr,No info,1/04/2019
10231,DEL → GOI → BOM → COK,Delhi,Air India,22:00,21h 15m,Cochin,2 stops,19:15 04 Jun,No info,3/06/2019
12242,DEL → BOM → COK,Delhi,Jet Airways,22:50,5h 35m,Cochin,1 stop,04:25 22 Mar,No info,21/03/2019
10539,CCU → DEL → BLR,Kolkata,Jet Airways,17:00,26h 10m,Banglore,1 stop,19:10 10 Jun,In-flight meal not included,9/06/2019
3383,BLR → DEL,Banglore,Air Asia,04:55,2h 50m,Delhi,non-stop,07:45,No info,21/05/2019
7298,MAA → CCU,Chennai,SpiceJet,08:20,2h 15m,Kolkata,non-stop,10:35,No info,1/03/2019
14714,DEL → BOM → COK,Delhi,Jet Airways,15:00,28h,Cochin,1 stop,19:00 07 Jun,No info,6/06/2019
15400,DEL → BOM → COK,Delhi,Jet Airways,09:00,9h 50m,Cochin,1 stop,18:50,In-flight meal not included,6/03/2019
3383,BLR → DEL,Banglore,Air Asia,11:10,2h 45m,Delhi,non-stop,13:55,No info,18/06/2019
9187,CCU → DEL → BLR,Kolkata,Vistara,20:20,14h 25m,Banglore,1 stop,10:45 25 May,No info,24/05/2019
13377,DEL → BOM → COK,Delhi,Multiple carriers,17:30,8h,Cochin,1 stop,01:30 07 Jun,No info,6/06/2019
3943,BLR → DEL,Banglore,IndiGo,01:30,2h 45m,Delhi,non-stop,04:15,No info,3/05/2019
6416,DEL → BOM → COK,Delhi,IndiGo,08:30,12h 30m,Cochin,1 stop,21:00,No info,15/06/2019
13143,CCU → IXR → DEL → BLR,Kolkata,Air India,05:50,17h 25m,Banglore,2 stops,23:15,No info,21/05/2019
10262,DEL → BOM → COK,Delhi,Jet Airways,11:30,25h 5m,Cochin,1 stop,12:35 04 Jun,In-flight meal not included,3/06/2019
13378,DEL → BOM → COK,Delhi,Multiple carriers,11:30,7h 45m,Cochin,1 stop,19:15,No info,21/03/2019
14151,CCU → DEL → BLR,Kolkata,Jet Airways,20:25,21h 35m,Banglore,1 stop,18:00 16 May,No info,15/05/2019
8907,DEL → BLR → COK,Delhi,Air India,09:45,13h 15m,Cochin,1 stop,23:00,No info,9/06/2019
12373,DEL → BOM → COK,Delhi,Jet Airways,17:30,19h 5m,Cochin,1 stop,12:35 10 May,In-flight meal not included,9/05/2019
12898,DEL → BOM → COK,Delhi,Jet Airways,18:15,10h 10m,Cochin,1 stop,04:25 28 May,In-flight meal not included,27/05/2019
4441,BLR → DEL,Banglore,Air India,21:05,2h 50m,New Delhi,non-stop,23:55,No info,18/03/2019
8996,CCU → BBI → BLR,Kolkata,Air India,09:10,4h 5m,Banglore,1 stop,13:15,No info,24/05/2019
5198,BLR → DEL,Banglore,Jet Airways,17:45,3h,Delhi,non-stop,20:45,In-flight meal not included,9/05/2019
3943,BLR → DEL,Banglore,IndiGo,10:10,2h 50m,Delhi,non-stop,13:00,No info,24/06/2019
4544,BLR → DEL,Banglore,Jet Airways,07:10,3h,Delhi,non-stop,10:10,In-flight meal not included,3/04/2019
5228,BLR → DEL,Banglore,Air India,21:05,2h 50m,Delhi,non-stop,23:55,No info,9/06/2019
10844,CCU → BOM → BLR,Kolkata,Jet Airways,18:55,24h 55m,Banglore,1 stop,19:50 16 May,In-flight meal not included,15/05/2019
7064,CCU → BOM → BLR,Kolkata,Jet Airways,20:00,20h 20m,Banglore,1 stop,16:20 02 Apr,In-flight meal not included,1/04/2019
3717,CCU → HYD → BLR,Kolkata,IndiGo,19:20,4h 25m,Banglore,1 stop,23:45,No info,18/05/2019
3419,BLR → DEL,Banglore,IndiGo,22:10,2h 50m,Delhi,non-stop,01:00 07 May,No info,6/05/2019
4804,CCU → BLR,Kolkata,IndiGo,15:30,2h 35m,Banglore,non-stop,18:05,No info,12/06/2019
6573,DEL → BOM → COK,Delhi,IndiGo,18:35,6h 55m,Cochin,1 stop,01:30 10 Apr,No info,9/04/2019
7229,BLR → DEL,Banglore,Jet Airways,15:15,2h 55m,Delhi,non-stop,18:10,In-flight meal not included,21/06/2019
7005,DEL → BOM → COK,Delhi,Multiple carriers,11:40,9h 20m,Cochin,1 stop,21:00,No info,9/06/2019
6416,DEL → BOM → COK,Delhi,IndiGo,11:25,9h 35m,Cochin,1 stop,21:00,No info,1/06/2019
8434,BLR → MAA → DEL,Banglore,IndiGo,06:25,5h 5m,New Delhi,1 stop,11:30,No info,09/03/2019
11467,CCU → DEL → BLR,Kolkata,Jet Airways,17:00,26h 10m,Banglore,1 stop,19:10 02 May,No info,1/05/2019
10844,CCU → BOM → BLR,Kolkata,Jet Airways,08:25,9h 50m,Banglore,1 stop,18:15,In-flight meal not included,1/05/2019
10262,DEL → BOM → COK,Delhi,Jet Airways,19:45,16h 50m,Cochin,1 stop,12:35 28 Jun,In-flight meal not included,27/06/2019
3597,MAA → CCU,Chennai,IndiGo,19:35,2h 20m,Kolkata,non-stop,21:55,No info,18/05/2019
6591,DEL → BOM → COK,Delhi,GoAir,07:00,5h 55m,Cochin,1 stop,12:55,No info,21/04/2019
7174,DEL → BLR → COK,Delhi,Air India,09:45,13h 15m,Cochin,1 stop,23:00,No info,9/05/2019
4937,BLR → DEL,Banglore,GoAir,11:40,2h 50m,Delhi,non-stop,14:30,No info,18/04/2019
9254,DEL → IDR → BOM → COK,Delhi,Jet Airways,10:20,32h 30m,Cochin,2 stops,18:50 22 Mar,In-flight meal not included,21/03/2019
7832,BLR → BOM → DEL,Banglore,Jet Airways,11:40,24h 35m,New Delhi,1 stop,12:15 19 Mar,In-flight meal not included,21/03/2019
10262,DEL → BOM → COK,Delhi,Jet Airways,18:15,24h 45m,Cochin,1 stop,19:00 16 Jun,In-flight meal not included,15/06/2019
13014,DEL → JAI → BOM → COK,Delhi,Jet Airways,09:40,26h 55m,Cochin,2 stops,12:35 25 Jun,No info,24/06/2019
10844,CCU → BOM → BLR,Kolkata,Jet Airways,08:25,12h 20m,Banglore,1 stop,20:45,In-flight meal not included,9/05/2019
4460,CCU → BLR,Kolkata,Air India,20:45,2h 35m,Banglore,non-stop,23:20,No info,9/04/2019
3419,BLR → DEL,Banglore,IndiGo,01:30,2h 45m,Delhi,non-stop,04:15,No info,24/05/2019
6416,DEL → BOM → COK,Delhi,IndiGo,08:30,12h 30m,Cochin,1 stop,21:00,No info,3/06/2019
12284,BLR → BOM → DEL,Banglore,Jet Airways,08:55,9h 30m,New Delhi,1 stop,18:25,No info,18/03/2019
8016,BLR → DEL,Banglore,Jet Airways,19:50,3h,Delhi,non-stop,22:50,No info,1/06/2019
8016,BLR → DEL,Banglore,Jet Airways,06:00,2h 45m,Delhi,non-stop,08:45,No info,1/06/2019
9663,CCU → BOM → BLR,Kolkata,Jet Airways,06:30,5h 30m,Banglore,1 stop,12:00,In-flight meal not included,21/05/2019
10262,DEL → BOM → COK,Delhi,Jet Airways,22:50,5h 35m,Cochin,1 stop,04:25 04 Jun,In-flight meal not included,3/06/2019
6195,DEL → LKO → COK,Delhi,IndiGo,21:50,5h 45m,Cochin,1 stop,03:35 07 Jun,No info,6/06/2019
11447,DEL → HYD → MAA → COK,Delhi,Air India,07:05,26h 20m,Cochin,2 stops,09:25 07 Jun,No info,6/06/2019
11432,CCU → BOM → GOI → BLR,Kolkata,Air India,16:50,12h 45m,Banglore,2 stops,05:35 07 Jun,No info,6/06/2019
14388,CCU → BOM → BLR,Kolkata,Jet Airways,16:30,16h 50m,Banglore,1 stop,09:20 13 May,No info,12/05/2019
6442,DEL → HYD → COK,Delhi,IndiGo,07:35,8h 35m,Cochin,1 stop,16:10,No info,24/06/2019
9663,CCU → BOM → BLR,Kolkata,Jet Airways,21:10,12h 55m,Banglore,1 stop,10:05 25 May,In-flight meal not included,24/05/2019
6961,BLR → DEL,Banglore,Air India,13:20,2h 50m,Delhi,non-stop,16:10,No info,1/06/2019
7229,BLR → DEL,Banglore,Jet Airways,19:55,2h 40m,New Delhi,non-stop,22:35,No info,09/03/2019
5894,DEL → BOM → COK,Delhi,IndiGo,04:55,16h 5m,Cochin,1 stop,21:00,No info,12/06/2019
14219,BOM → BHO → DEL → HYD,Mumbai,Air India,06:00,33h 15m,Hyderabad,2 stops,15:15 07 Mar,No info,6/03/2019
8603,DEL → JAI → BOM → COK,Delhi,Air India,12:00,7h 15m,Cochin,2 stops,19:15,No info,27/06/2019
11528,BLR → VGA → DEL,Banglore,Air India,10:30,24h 50m,New Delhi,1 stop,11:20 02 Mar,No info,01/03/2019
14277,DEL → BOM → COK,Delhi,Multiple carriers,08:00,13h,Cochin,1 stop,21:00,No info,21/05/2019
15554,DEL → BOM → COK,Delhi,Jet Airways,13:00,6h,Cochin,1 stop,19:00,No info,9/05/2019
10623,CCU → DEL → BLR,Kolkata,Air India,17:30,26h 55m,Banglore,1 stop,20:25 19 May,No info,18/05/2019
6938,DEL → HYD → COK,Delhi,IndiGo,16:10,6h 20m,Cochin,1 stop,22:30,No info,6/06/2019
11098,DEL → BOM → COK,Delhi,Multiple carriers,04:55,14h 5m,Cochin,1 stop,19:00,No info,1/06/2019
3687,MAA → CCU,Chennai,Vistara,07:05,2h 15m,Kolkata,non-stop,09:20,No info,24/05/2019
5613,BLR → DEL,Banglore,Vistara,21:00,2h 50m,Delhi,non-stop,23:50,No info,21/06/2019
6496,DEL → BLR → COK,Delhi,IndiGo,05:10,4h 55m,Cochin,1 stop,10:05,No info,9/06/2019
4414,DEL → PNQ → COK,Delhi,SpiceJet,08:45,4h 30m,Cochin,1 stop,13:15,No check-in baggage included,27/03/2019
4937,BOM → HYD,Mumbai,Air India,21:05,1h 20m,Hyderabad,non-stop,22:25,No info,3/03/2019
12803,DEL → GOI → BOM → COK,Delhi,Air India,10:55,20h 45m,Cochin,2 stops,07:40 16 May,No info,15/05/2019
7594,CCU → BOM → BLR,Kolkata,Jet Airways,21:10,7h 30m,Banglore,1 stop,04:40 13 Jun,In-flight meal not included,12/06/2019
10844,CCU → BOM → BLR,Kolkata,Jet Airways,14:05,6h 40m,Banglore,1 stop,20:45,In-flight meal not included,15/05/2019
13941,CCU → BOM → BLR,Kolkata,Jet Airways,18:55,15h 10m,Banglore,1 stop,10:05 10 May,No info,9/05/2019
4878,BLR → DEL,Banglore,Vistara,19:30,2h 45m,Delhi,non-stop,22:15,No info,12/06/2019
14815,BLR → BOM → DEL,Banglore,Jet Airways,08:55,22h 45m,New Delhi,1 stop,07:40 07 Mar,No info,06/03/2019
6093,DEL → BOM → COK,Delhi,IndiGo,07:30,13h 30m,Cochin,1 stop,21:00,No info,9/04/2019
4466,DEL → COK,Delhi,Jet Airways,09:50,3h 15m,Cochin,non-stop,13:05,In-flight meal not included,18/06/2019
7740,DEL → BOM → COK,Delhi,Multiple carriers,06:00,15h,Cochin,1 stop,21:00,No info,24/06/2019
12615,DEL → BOM → COK,Delhi,Multiple carriers,06:40,13h 5m,Cochin,1 stop,19:45,No info,9/03/2019
4777,BLR → DEL,Banglore,IndiGo,21:20,2h 55m,New Delhi,non-stop,00:15 13 Mar,No info,09/03/2019
4777,BLR → DEL,Banglore,IndiGo,05:30,2h 50m,New Delhi,non-stop,08:20,No info,09/03/2019
4880,CCU → BLR,Kolkata,Air India,20:45,2h 35m,Banglore,non-stop,23:20,No info,21/04/2019
4049,BOM → HYD,Mumbai,IndiGo,09:10,1h 30m,Hyderabad,non-stop,10:40,No info,3/06/2019
7480,DEL → TRV → COK,Delhi,Air India,05:15,25h 35m,Cochin,1 stop,06:50 22 May,No info,21/05/2019
17549,DEL → BOM → COK,Delhi,Jet Airways,08:00,11h 45m,Cochin,1 stop,19:45,No info,9/03/2019
5674,DEL → COK,Delhi,Air India,14:10,3h,Cochin,non-stop,17:10,No info,15/03/2019
10919,DEL → NAG → BOM → COK,Delhi,Jet Airways,14:35,13h 50m,Cochin,2 stops,04:25 07 Jun,In-flight meal not included,6/06/2019
14231,CCU → BOM → BLR,Kolkata,Jet Airways,16:55,25h 15m,Banglore,1 stop,18:10 25 Mar,No info,24/03/2019
5678,BOM → HYD,Mumbai,Jet Airways,19:35,1h 30m,Hyderabad,non-stop,21:05,No info,6/05/2019
13587,DEL → BOM → COK,Delhi,Multiple carriers,11:30,9h 30m,Cochin,1 stop,21:00,No info,3/06/2019
3100,BOM → HYD,Mumbai,Air India,13:55,1h 30m,Hyderabad,non-stop,15:25,No info,24/05/2019
4508,CCU → BLR,Kolkata,Air Asia,19:55,2h 30m,Banglore,non-stop,22:25,No info,6/06/2019
8266,DEL → BOM → COK,Delhi,Multiple carriers,11:40,7h 35m,Cochin,1 stop,19:15,No info,12/06/2019
3597,MAA → CCU,Chennai,SpiceJet,17:45,2h 20m,Kolkata,non-stop,20:05,No info,21/05/2019
5699,CCU → MAA → BLR,Kolkata,IndiGo,17:35,4h 40m,Banglore,1 stop,22:15,No info,6/05/2019
12488,DEL → LKO → BOM → COK,Delhi,Air India,07:10,12h 5m,Cochin,2 stops,19:15,No info,12/06/2019
12646,DEL → AMD → BOM → COK,Delhi,Air India,16:40,26h 35m,Cochin,2 stops,19:15 07 Mar,No info,6/03/2019
7832,BLR → BOM → DEL,Banglore,Jet Airways,08:55,11h 25m,New Delhi,1 stop,20:20,In-flight meal not included,21/03/2019
5678,BOM → HYD,Mumbai,Jet Airways,15:50,1h 30m,Hyderabad,non-stop,17:20,No info,24/03/2019
7832,BLR → BOM → DEL,Banglore,Jet Airways,20:35,13h 50m,New Delhi,1 stop,10:25 19 Mar,In-flight meal not included,21/03/2019
4804,CCU → BLR,Kolkata,IndiGo,17:15,2h 35m,Banglore,non-stop,19:50,No info,24/05/2019
15129,DEL → JAI → BOM → COK,Delhi,Jet Airways,05:30,22h 55m,Cochin,2 stops,04:25 28 May,No info,27/05/2019
3841,CCU → BLR,Kolkata,SpiceJet,22:20,2h 20m,Banglore,non-stop,00:40 02 Jun,No check-in baggage included,1/06/2019
7229,BLR → DEL,Banglore,Jet Airways,19:50,3h,Delhi,non-stop,22:50,No info,21/05/2019
31825,BLR → BOM → DEL,Banglore,Jet Airways,18:40,14h 50m,New Delhi,1 stop,09:30 02 Mar,1 Long layover,01/03/2019
9345,CCU → DEL → BLR,Kolkata,Vistara,07:10,11h 40m,Banglore,1 stop,18:50,No info,18/05/2019
4591,BLR → DEL,Banglore,IndiGo,01:30,2h 45m,Delhi,non-stop,04:15,No info,21/04/2019
15554,DEL → BOM → COK,Delhi,Jet Airways,20:55,7h 30m,Cochin,1 stop,04:25 19 May,No info,18/05/2019
5684,DEL → BOM → COK,Delhi,IndiGo,17:10,8h 20m,Cochin,1 stop,01:30 28 Jun,No info,27/06/2019
13014,DEL → JAI → BOM → COK,Delhi,Jet Airways,09:40,18h 45m,Cochin,2 stops,04:25 13 Jun,No info,12/06/2019
3898,BLR → DEL,Banglore,GoAir,11:40,2h 50m,Delhi,non-stop,14:30,No info,6/06/2019
3383,BLR → DEL,Banglore,Air Asia,23:55,2h 50m,Delhi,non-stop,02:45 13 Jun,No info,12/06/2019
12476,BLR → AMD → DEL,Banglore,Vistara,06:40,5h 55m,New Delhi,1 stop,12:35,No info,03/03/2019
10844,CCU → BOM → BLR,Kolkata,Jet Airways,14:05,5h 45m,Banglore,1 stop,19:50,In-flight meal not included,12/05/2019
15129,DEL → JAI → BOM → COK,Delhi,Jet Airways,05:30,13h 30m,Cochin,2 stops,19:00,No info,27/05/2019
11150,DEL → AMD → BOM → COK,Delhi,Jet Airways,23:05,29h 20m,Cochin,2 stops,04:25 29 Jun,In-flight meal not included,27/06/2019
10844,CCU → BOM → BLR,Kolkata,Jet Airways,21:10,23h 35m,Banglore,1 stop,20:45 10 Jun,In-flight meal not included,9/06/2019
14388,CCU → BOM → BLR,Kolkata,Jet Airways,14:05,18h 10m,Banglore,1 stop,08:15 19 May,No info,18/05/2019
5613,BLR → DEL,Banglore,Vistara,17:00,2h 35m,Delhi,non-stop,19:35,No info,12/04/2019
10844,CCU → BOM → BLR,Kolkata,Jet Airways,18:55,23h 20m,Banglore,1 stop,18:15 25 May,In-flight meal not included,24/05/2019
6961,BLR → DEL,Banglore,Air India,10:00,2h 45m,Delhi,non-stop,12:45,No info,27/06/2019
4384,CCU → BLR,Kolkata,Air Asia,10:20,2h 35m,Banglore,non-stop,12:55,No info,15/03/2019
16108,DEL → BOM → COK,Delhi,Multiple carriers,07:05,12h 10m,Cochin,1 stop,19:15,No info,15/06/2019
10368,DEL → JAI → BOM → COK,Delhi,Jet Airways,09:40,18h 45m,Cochin,2 stops,04:25 25 Jun,In-flight meal not included,24/06/2019
12373,DEL → BOM → COK,Delhi,Jet Airways,19:15,17h 20m,Cochin,1 stop,12:35 10 May,In-flight meal not included,9/05/2019
3841,CCU → BLR,Kolkata,SpiceJet,17:10,2h 30m,Banglore,non-stop,19:40,No check-in baggage included,3/04/2019
10844,CCU → BOM → BLR,Kolkata,Jet Airways,21:10,22h 40m,Banglore,1 stop,19:50 22 May,In-flight meal not included,21/05/2019
10586,CCU → AMD → BLR,Kolkata,GoAir,16:40,7h 35m,Banglore,1 stop,00:15 19 May,No info,18/05/2019
8327,DEL → BLR → COK,Delhi,Air Asia,16:45,14h 25m,Cochin,1 stop,07:10 10 Mar,No info,9/03/2019
12295,BLR → MAA → DEL,Banglore,Jet Airways,09:45,4h 40m,New Delhi,1 stop,14:25,No info,12/03/2019
3257,BLR → DEL,Banglore,SpiceJet,21:10,2h 55m,Delhi,non-stop,00:05 04 Jun,No check-in baggage included,3/06/2019
14424,CCU → DEL → AMD → BLR,Kolkata,Air India,10:00,19h 25m,Banglore,2 stops,05:25 16 May,No info,15/05/2019
10844,CCU → BOM → BLR,Kolkata,Jet Airways,08:25,11h 25m,Banglore,1 stop,19:50,In-flight meal not included,21/05/2019
5613,BLR → DEL,Banglore,Vistara,19:30,2h 45m,Delhi,non-stop,22:15,No info,24/04/2019
4963,CCU → MAA → BLR,Kolkata,SpiceJet,15:05,5h 15m,Banglore,1 stop,20:20,No info,18/05/2019
13377,DEL → BOM → COK,Delhi,Multiple carriers,18:15,7h 15m,Cochin,1 stop,01:30 28 Jun,No info,27/06/2019
4611,DEL → BLR → COK,Delhi,SpiceJet,17:55,4h 55m,Cochin,1 stop,22:50,No info,3/04/2019
5000,DEL → COK,Delhi,IndiGo,14:25,3h 15m,Cochin,non-stop,17:40,No info,27/06/2019
4668,BLR → DEL,Banglore,Vistara,07:00,2h 40m,Delhi,non-stop,09:40,No info,3/05/2019
10842,CCU → DEL → BLR,Kolkata,Vistara,09:55,23h 15m,Banglore,1 stop,09:10 25 Mar,No info,24/03/2019
14714,DEL → BOM → COK,Delhi,Jet Airways,22:50,5h 35m,Cochin,1 stop,04:25 04 Jun,No info,3/06/2019
14571,CCU → BOM → BLR,Kolkata,Jet Airways,14:05,6h 40m,Banglore,1 stop,20:45,No info,6/06/2019
2050,BOM → HYD,Mumbai,Air India,21:05,1h 20m,Hyderabad,non-stop,22:25,No info,18/03/2019
6628,DEL → BOM → COK,Delhi,IndiGo,09:15,16h 15m,Cochin,1 stop,01:30 13 Jun,No info,12/06/2019
3850,MAA → CCU,Chennai,IndiGo,07:55,2h 20m,Kolkata,non-stop,10:15,No info,27/06/2019
10577,DEL → BOM → COK,Delhi,Jet Airways,16:00,12h 25m,Cochin,1 stop,04:25 10 Jun,In-flight meal not included,9/06/2019
11410,DEL → BLR → COK,Delhi,Air Asia,20:45,10h 25m,Cochin,1 stop,07:10 02 Jun,No info,1/06/2019
12646,DEL → JDH → BOM → COK,Delhi,Air India,12:55,30h 20m,Cochin,2 stops,19:15 16 Jun,No info,15/06/2019
3873,CCU → BLR,Kolkata,SpiceJet,06:55,2h 35m,Banglore,non-stop,09:30,No info,27/05/2019
18275,DEL → IXU → BOM → COK,Delhi,Multiple carriers,17:50,7h 40m,Cochin,2 stops,01:30 28 Jun,No info,27/06/2019
14960,CCU → GAU → DEL → BLR,Kolkata,Air India,09:50,23h 5m,Banglore,2 stops,08:55 16 May,No info,15/05/2019
16389,DEL → IDR → BOM → COK,Delhi,Jet Airways,05:25,23h,Cochin,2 stops,04:25 07 Mar,In-flight meal not included,6/03/2019
10844,CCU → BOM → BLR,Kolkata,Jet Airways,08:25,12h 20m,Banglore,1 stop,20:45,In-flight meal not included,18/05/2019
14871,DEL → BOM → COK,Delhi,IndiGo,09:10,11h 50m,Cochin,1 stop,21:00,No info,3/03/2019
15237,DEL → BOM → COK,Delhi,Multiple carriers,04:00,14h 50m,Cochin,1 stop,18:50,No info,3/03/2019
1965,BOM → HYD,Mumbai,SpiceJet,22:45,1h 30m,Hyderabad,non-stop,00:15 10 Jun,No check-in baggage included,9/06/2019
13759,CCU → BOM → BLR,Kolkata,Jet Airways,21:10,23h 30m,Banglore,1 stop,20:40 25 Mar,No info,24/03/2019
5073,DEL → BOM → COK,Delhi,IndiGo,20:25,5h 5m,Cochin,1 stop,01:30 07 Apr,No info,6/04/2019
8586,CCU → BOM → BLR,Kolkata,Jet Airways,21:10,12h 55m,Banglore,1 stop,10:05 13 May,In-flight meal not included,12/05/2019
11432,CCU → BOM → GOI → BLR,Kolkata,Air India,09:25,20h 10m,Banglore,2 stops,05:35 10 Jun,No info,9/06/2019
5678,BOM → HYD,Mumbai,Jet Airways,19:35,1h 30m,Hyderabad,non-stop,21:05,No info,24/03/2019
7084,DEL → HYD → MAA → COK,Delhi,Multiple carriers,07:05,14h 15m,Cochin,2 stops,21:20,No info,6/03/2019
7740,DEL → BOM → COK,Delhi,Multiple carriers,11:40,9h 20m,Cochin,1 stop,21:00,No info,1/06/2019
9790,DEL → TRV → COK,Delhi,Air India,05:15,25h 35m,Cochin,1 stop,06:50 10 Mar,No info,9/03/2019
7229,BLR → DEL,Banglore,Jet Airways,17:45,3h,Delhi,non-stop,20:45,No info,21/04/2019
14781,CCU → BOM → BLR,Kolkata,Jet Airways,08:25,7h 55m,Banglore,1 stop,16:20,No info,21/05/2019
10262,DEL → BOM → COK,Delhi,Jet Airways,09:00,10h,Cochin,1 stop,19:00,In-flight meal not included,12/06/2019
4148,CCU → BLR,Kolkata,IndiGo,15:20,2h 35m,Banglore,non-stop,17:55,No info,9/03/2019
5769,BLR → DEL,Banglore,Jet Airways,08:20,3h,Delhi,non-stop,11:20,In-flight meal not included,24/06/2019
3919,BLR → DEL,Banglore,SpiceJet,05:55,2h 40m,Delhi,non-stop,08:35,No check-in baggage included,21/06/2019
5224,CCU → BLR,Kolkata,IndiGo,15:15,2h 30m,Banglore,non-stop,17:45,No info,9/06/2019
17024,DEL → BOM → COK,Delhi,Jet Airways,13:00,5h 50m,Cochin,1 stop,18:50,No info,6/03/2019
15400,DEL → BOM → COK,Delhi,Jet Airways,09:00,9h 50m,Cochin,1 stop,18:50,In-flight meal not included,3/03/2019
7229,BLR → DEL,Banglore,Jet Airways,06:00,2h 45m,Delhi,non-stop,08:45,No info,6/04/2019
10262,DEL → BOM → COK,Delhi,Jet Airways,19:15,23h 45m,Cochin,1 stop,19:00 25 Jun,In-flight meal not included,24/06/2019
7354,DEL → BOM → COK,Delhi,Multiple carriers,11:25,7h 50m,Cochin,1 stop,19:15,No info,12/06/2019
10703,DEL → RPR → NAG → BOM → COK,Delhi,Air India,05:15,38h,Cochin,3 stops,19:15 28 Jun,No info,27/06/2019
11411,CCU → IXR → DEL → BLR,Kolkata,Air India,05:50,17h 25m,Banglore,2 stops,23:15,No info,12/05/2019
10203,CCU → DEL → BLR,Kolkata,Air India,10:00,13h 15m,Banglore,1 stop,23:15,No info,12/05/2019
10861,DEL → GOI → BOM → COK,Delhi,Air India,22:00,21h 15m,Cochin,2 stops,19:15 02 Jun,No info,1/06/2019
12599,BLR → BOM → IDR → DEL,Banglore,Air India,08:50,26h 20m,New Delhi,2 stops,11:10 07 Mar,No info,03/03/2019
14067,DEL → BOM → COK,Delhi,Multiple carriers,14:00,7h,Cochin,1 stop,21:00,No info,21/05/2019
12257,DEL → JAI → BOM → COK,Delhi,Air India,18:45,24h 30m,Cochin,2 stops,19:15 22 May,No info,21/05/2019
4409,CCU → BLR,Kolkata,Air Asia,10:20,2h 35m,Banglore,non-stop,12:55,No info,15/05/2019
14571,CCU → BOM → BLR,Kolkata,Jet Airways,16:30,12h 10m,Banglore,1 stop,04:40 25 May,No info,24/05/2019
2017,BOM → HYD,Mumbai,SpiceJet,22:45,1h 30m,Hyderabad,non-stop,00:15 19 May,No info,18/05/2019
27992,BLR → BOM → DEL,Banglore,Jet Airways,05:45,13h 25m,New Delhi,1 stop,19:10,No info,01/03/2019
14871,DEL → BOM → COK,Delhi,IndiGo,16:00,9h 35m,Cochin,1 stop,01:35 07 Mar,No info,6/03/2019
4591,BLR → DEL,Banglore,IndiGo,23:30,2h 50m,Delhi,non-stop,02:20 02 May,No info,1/05/2019
25735,BLR → BOM → DEL,Banglore,Jet Airways,11:40,21h 50m,New Delhi,1 stop,09:30 02 Mar,No info,01/03/2019
31783,BLR → BOM → NAG → DEL,Banglore,Air India,08:50,25h 45m,New Delhi,2 stops,10:35 02 Mar,No info,01/03/2019
3175,BOM → HYD,Mumbai,IndiGo,16:55,1h 30m,Hyderabad,non-stop,18:25,No info,21/03/2019
3873,CCU → BLR,Kolkata,SpiceJet,17:10,2h 30m,Banglore,non-stop,19:40,No info,27/06/2019
3850,MAA → CCU,Chennai,IndiGo,07:55,2h 20m,Kolkata,non-stop,10:15,No info,24/05/2019
4049,BOM → HYD,Mumbai,IndiGo,06:25,1h 30m,Hyderabad,non-stop,07:55,No info,9/06/2019
4284,BLR → DEL,Banglore,IndiGo,22:10,2h 50m,Delhi,non-stop,01:00 13 May,No info,12/05/2019
10835,BLR → BOM → UDR → DEL,Banglore,Air India,06:45,33h 45m,New Delhi,2 stops,16:30 16 Mar,No info,18/03/2019
7480,DEL → MAA → COK,Delhi,Air India,20:40,12h 45m,Cochin,1 stop,09:25 13 Jun,No info,12/06/2019
10844,CCU → BOM → BLR,Kolkata,Jet Airways,20:00,23h 50m,Banglore,1 stop,19:50 22 May,In-flight meal not included,21/05/2019
7308,DEL → BOM → COK,Delhi,Multiple carriers,16:00,9h 30m,Cochin,1 stop,01:30 28 May,In-flight meal not included,27/05/2019
10844,CCU → BOM → BLR,Kolkata,Jet Airways,18:55,17h 5m,Banglore,1 stop,12:00 16 May,In-flight meal not included,15/05/2019
4886,DEL → COK,Delhi,Jet Airways,11:00,3h 15m,Cochin,non-stop,14:15,In-flight meal not included,3/04/2019
4049,BOM → HYD,Mumbai,IndiGo,06:25,1h 30m,Hyderabad,non-stop,07:55,No info,15/06/2019
6442,DEL → HYD → COK,Delhi,IndiGo,06:40,15h 40m,Cochin,1 stop,22:20,No info,27/03/2019
12898,DEL → BOM → COK,Delhi,Jet Airways,22:50,5h 35m,Cochin,1 stop,04:25 28 May,In-flight meal not included,27/05/2019
9626,CCU → BBI → BOM → BLR,Kolkata,Air India,12:00,30h 30m,Banglore,2 stops,18:30 07 Jun,No info,6/06/2019
6297,DEL → MAA → COK,Delhi,SpiceJet,06:05,5h 15m,Cochin,1 stop,11:20,No info,18/05/2019
11633,BLR → DEL,Banglore,Air India,17:00,2h 45m,New Delhi,non-stop,19:45,No info,18/03/2019
5989,CCU → BLR,Kolkata,Air Asia,19:55,2h 30m,Banglore,non-stop,22:25,No info,1/05/2019
3419,BLR → DEL,Banglore,IndiGo,00:30,2h 55m,Delhi,non-stop,03:25,No info,27/05/2019
2754,BOM → HYD,Mumbai,IndiGo,12:00,1h 25m,Hyderabad,non-stop,13:25,No info,18/03/2019
3625,BLR → DEL,Banglore,SpiceJet,21:10,2h 55m,Delhi,non-stop,00:05 02 Apr,No info,1/04/2019
